Using pre-set license
Built from '2022.3/staging' branch; Version is '2022.3.49f1 (4dae1bb8668d) revision 5090843'; Using compiler version '192829333'; Build Type 'Release'
OS: 'Windows 11  (10.0.26100) 64bit CoreSingleLanguage' Language: 'en' Physical Memory: 11930 MB
BatchMode: 1, IsHumanControllingUs: 0, StartBugReporterOnCrash: 0, Is64bit: 1, IsPro: 1

COMMAND LINE ARGUMENTS:
C:\Program Files\Unity\Hub\Editor\2022.3.49f1\Editor\Unity.exe
-adb2
-batchMode
-noUpm
-name
AssetImportWorker0
-projectPath
C:/Users/bavis/Desktop/abc/ExportedProject
-logFile
Logs/AssetImportWorker0.log
-srvPort
57806
Successfully changed project path to: C:/Users/bavis/Desktop/abc/ExportedProject
C:/Users/bavis/Desktop/abc/ExportedProject
[UnityMemory] Configuration Parameters - Can be set up in boot.config
    "memorysetup-bucket-allocator-granularity=16"
    "memorysetup-bucket-allocator-bucket-count=8"
    "memorysetup-bucket-allocator-block-size=33554432"
    "memorysetup-bucket-allocator-block-count=8"
    "memorysetup-main-allocator-block-size=16777216"
    "memorysetup-thread-allocator-block-size=16777216"
    "memorysetup-gfx-main-allocator-block-size=16777216"
    "memorysetup-gfx-thread-allocator-block-size=16777216"
    "memorysetup-cache-allocator-block-size=4194304"
    "memorysetup-typetree-allocator-block-size=2097152"
    "memorysetup-profiler-bucket-allocator-granularity=16"
    "memorysetup-profiler-bucket-allocator-bucket-count=8"
    "memorysetup-profiler-bucket-allocator-block-size=33554432"
    "memorysetup-profiler-bucket-allocator-block-count=8"
    "memorysetup-profiler-allocator-block-size=16777216"
    "memorysetup-profiler-editor-allocator-block-size=1048576"
    "memorysetup-temp-allocator-size-main=16777216"
    "memorysetup-job-temp-allocator-block-size=2097152"
    "memorysetup-job-temp-allocator-block-size-background=1048576"
    "memorysetup-job-temp-allocator-reduction-small-platforms=262144"
    "memorysetup-allocator-temp-initial-block-size-main=262144"
    "memorysetup-allocator-temp-initial-block-size-worker=262144"
    "memorysetup-temp-allocator-size-background-worker=32768"
    "memorysetup-temp-allocator-size-job-worker=262144"
    "memorysetup-temp-allocator-size-preload-manager=33554432"
    "memorysetup-temp-allocator-size-nav-mesh-worker=65536"
    "memorysetup-temp-allocator-size-audio-worker=65536"
    "memorysetup-temp-allocator-size-cloud-worker=32768"
    "memorysetup-temp-allocator-size-gi-baking-worker=262144"
    "memorysetup-temp-allocator-size-gfx=262144"
Player connection [21380]  Target information:

Player connection [21380]  * "[IP] 192.168.56.1 [Port] 0 [Flags] 2 [Guid] 1893817074 [EditorId] 1893817074 [Version] 1048832 [Id] WindowsEditor(7,mighty) [Debug] 1 [PackageName] WindowsEditor [ProjectName] Editor" 

Player connection [21380]  * "[IP] 169.254.83.107 [Port] 0 [Flags] 2 [Guid] 1893817074 [EditorId] 1893817074 [Version] 1048832 [Id] WindowsEditor(7,mighty) [Debug] 1 [PackageName] WindowsEditor [ProjectName] Editor" 

Player connection [21380]  * "[IP] 192.168.0.101 [Port] 0 [Flags] 2 [Guid] 1893817074 [EditorId] 1893817074 [Version] 1048832 [Id] WindowsEditor(7,mighty) [Debug] 1 [PackageName] WindowsEditor [ProjectName] Editor" 

Player connection [21380] Host joined multi-casting on [225.0.0.222:54997]...
Player connection [21380] Host joined alternative multi-casting on [225.0.0.222:34997]...
[PhysX] Initialized MultithreadedTaskDispatcher with 8 workers.
Refreshing native plugins compatible for Editor in 4.59 ms, found 0 plugins.
Preloading 0 native plugins for Editor in 0.00 ms.
Initialize engine version: 2022.3.49f1 (4dae1bb8668d)
[Subsystems] Discovering subsystems at path C:/Program Files/Unity/Hub/Editor/2022.3.49f1/Editor/Data/Resources/UnitySubsystems
[Subsystems] Discovering subsystems at path C:/Users/bavis/Desktop/abc/ExportedProject/Assets
GfxDevice: creating device client; threaded=0; jobified=0
Direct3D:
    Version:  Direct3D 11.0 [level 11.1]
    Renderer: Intel(R) Iris(R) Xe Graphics (ID=0x9a49)
    Vendor:   Intel
    VRAM:     5965 MB
    Driver:   31.0.101.5186
Initialize mono
Mono path[0] = 'C:/Program Files/Unity/Hub/Editor/2022.3.49f1/Editor/Data/Managed'
Mono path[1] = 'C:/Program Files/Unity/Hub/Editor/2022.3.49f1/Editor/Data/MonoBleedingEdge/lib/mono/unityjit-win32'
Mono config path = 'C:/Program Files/Unity/Hub/Editor/2022.3.49f1/Editor/Data/MonoBleedingEdge/etc'
Using monoOptions --debugger-agent=transport=dt_socket,embedding=1,server=y,suspend=n,address=127.0.0.1:56336
Begin MonoManager ReloadAssembly
Registering precompiled unity dll's ...
Register platform support module: C:/Program Files/Unity/Hub/Editor/2022.3.49f1/Editor/Data/PlaybackEngines/WebGLSupport/UnityEditor.WebGL.Extensions.dll
Register platform support module: C:/Program Files/Unity/Hub/Editor/2022.3.49f1/Editor/Data/PlaybackEngines/AndroidPlayer/UnityEditor.Android.Extensions.dll
Register platform support module: C:/Program Files/Unity/Hub/Editor/2022.3.49f1/Editor/Data/PlaybackEngines/WindowsStandaloneSupport/UnityEditor.WindowsStandalone.Extensions.dll
Registered in 0.013870 seconds.
- Loaded All Assemblies, in  0.617 seconds
Native extension for WindowsStandalone target not found
Native extension for Android target not found
Android Extension - Scanning For ADB Devices 433 ms
Native extension for WebGL target not found
Mono: successfully reloaded assembly
- Finished resetting the current domain, in  0.945 seconds
Domain Reload Profiling: 1559ms
	BeginReloadAssembly (155ms)
		ExecutionOrderSort (0ms)
		DisableScriptedObjects (0ms)
		BackupInstance (0ms)
		ReleaseScriptingObjects (0ms)
		CreateAndSetChildDomain (1ms)
	RebuildCommonClasses (52ms)
	RebuildNativeTypeToScriptingClass (16ms)
	initialDomainReloadingComplete (96ms)
	LoadAllAssembliesAndSetupDomain (294ms)
		LoadAssemblies (155ms)
		RebuildTransferFunctionScriptingTraits (0ms)
		AnalyzeDomain (287ms)
			TypeCache.Refresh (285ms)
				TypeCache.ScanAssembly (262ms)
			ScanForSourceGeneratedMonoScriptInfo (1ms)
			ResolveRequiredComponents (1ms)
	FinalizeReload (946ms)
		ReleaseScriptCaches (0ms)
		RebuildScriptCaches (0ms)
		SetupLoadedEditorAssemblies (870ms)
			LogAssemblyErrors (0ms)
			InitializePlatformSupportModulesInManaged (566ms)
			SetLoadedEditorAssemblies (6ms)
			RefreshPlugins (0ms)
			BeforeProcessingInitializeOnLoad (4ms)
			ProcessInitializeOnLoadAttributes (227ms)
			ProcessInitializeOnLoadMethodAttributes (67ms)
			AfterProcessingInitializeOnLoad (0ms)
			EditorAssembliesLoaded (0ms)
		ExecutionOrderSort2 (0ms)
		AwakeInstancesAfterBackupRestoration (0ms)
========================================================================
Worker process is ready to serve import requests
Caller must complete domain reload
Begin MonoManager ReloadAssembly
Unloading broken assembly Assets/Plugins/Unity.Analytics.DataPrivacy.dll, this assembly can cause crashes in the runtime
Unloading broken assembly Assets/Plugins/Unity.TextMeshPro.dll, this assembly can cause crashes in the runtime
- Loaded All Assemblies, in  1.044 seconds
Could not load signature of UnityEngine.Networking.NetworkManager:get_connectionConfig due to: Could not load file or assembly 'UnityEngine.UNETModule, Version=0.0.0.0, Culture=neutral, PublicKeyToken=null' or one of its dependencies.
Could not load signature of UnityEngine.Networking.NetworkManager:get_globalConfig due to: Could not load file or assembly 'UnityEngine.UNETModule, Version=0.0.0.0, Culture=neutral, PublicKeyToken=null' or one of its dependencies.
Could not load signature of UnityEngine.Networking.NetworkManager:get_channels due to: Could not load file or assembly 'UnityEngine.UNETModule, Version=0.0.0.0, Culture=neutral, PublicKeyToken=null' or one of its dependencies.
Could not load signature of UnityEngine.Networking.NetworkManager:StartServer due to: Could not load file or assembly 'UnityEngine.UNETModule, Version=0.0.0.0, Culture=neutral, PublicKeyToken=null' or one of its dependencies.
Could not load signature of UnityEngine.Networking.NetworkManager:StartServer due to: Could not load file or assembly 'UnityEngine.UNETModule, Version=0.0.0.0, Culture=neutral, PublicKeyToken=null' or one of its dependencies.
Could not load signature of UnityEngine.Networking.NetworkManager:StartServer due to: Could not load file or assembly 'UnityEngine.UNETModule, Version=0.0.0.0, Culture=neutral, PublicKeyToken=null' or one of its dependencies.
Could not load signature of UnityEngine.Networking.NetworkManager:StartClient due to: Could not load file or assembly 'UnityEngine.UNETModule, Version=0.0.0.0, Culture=neutral, PublicKeyToken=null' or one of its dependencies.
Could not load signature of UnityEngine.Networking.NetworkManager:StartClient due to: Could not load file or assembly 'UnityEngine.UNETModule, Version=0.0.0.0, Culture=neutral, PublicKeyToken=null' or one of its dependencies.
Could not load signature of UnityEngine.Networking.NetworkManager:StartClient due to: Could not load file or assembly 'UnityEngine.UNETModule, Version=0.0.0.0, Culture=neutral, PublicKeyToken=null' or one of its dependencies.
Could not load signature of UnityEngine.Networking.NetworkManager:StartHost due to: Could not load file or assembly 'UnityEngine.UNETModule, Version=0.0.0.0, Culture=neutral, PublicKeyToken=null' or one of its dependencies.
Could not load signature of UnityEngine.Networking.NetworkManager:StartHost due to: Could not load file or assembly 'UnityEngine.UNETModule, Version=0.0.0.0, Culture=neutral, PublicKeyToken=null' or one of its dependencies.
Could not load signature of UnityEngine.Networking.NetworkManager:OnMatchCreate due to: Could not load file or assembly 'UnityEngine.UNETModule, Version=0.0.0.0, Culture=neutral, PublicKeyToken=null' or one of its dependencies.
Could not load signature of UnityEngine.Networking.NetworkManager:OnMatchList due to: Could not load file or assembly 'UnityEngine.UNETModule, Version=0.0.0.0, Culture=neutral, PublicKeyToken=null' or one of its dependencies.
Could not load signature of UnityEngine.Networking.NetworkManager:OnMatchJoined due to: Could not load file or assembly 'UnityEngine.UNETModule, Version=0.0.0.0, Culture=neutral, PublicKeyToken=null' or one of its dependencies.
Could not load signature of UnityEngine.Networking.NetworkManager:get_connectionConfig due to: Could not load file or assembly 'UnityEngine.UNETModule, Version=0.0.0.0, Culture=neutral, PublicKeyToken=null' or one of its dependencies.
Could not load signature of UnityEngine.Networking.NetworkManager:get_globalConfig due to: Could not load file or assembly 'UnityEngine.UNETModule, Version=0.0.0.0, Culture=neutral, PublicKeyToken=null' or one of its dependencies.
Could not load signature of UnityEngine.Networking.NetworkManager:get_channels due to: Could not load file or assembly 'UnityEngine.UNETModule, Version=0.0.0.0, Culture=neutral, PublicKeyToken=null' or one of its dependencies.
Could not load signature of UnityEngine.Networking.NetworkManager:StartServer due to: Could not load file or assembly 'UnityEngine.UNETModule, Version=0.0.0.0, Culture=neutral, PublicKeyToken=null' or one of its dependencies.
Could not load signature of UnityEngine.Networking.NetworkManager:StartServer due to: Could not load file or assembly 'UnityEngine.UNETModule, Version=0.0.0.0, Culture=neutral, PublicKeyToken=null' or one of its dependencies.
Could not load signature of UnityEngine.Networking.NetworkManager:StartServer due to: Could not load file or assembly 'UnityEngine.UNETModule, Version=0.0.0.0, Culture=neutral, PublicKeyToken=null' or one of its dependencies.
Could not load signature of UnityEngine.Networking.NetworkManager:StartClient due to: Could not load file or assembly 'UnityEngine.UNETModule, Version=0.0.0.0, Culture=neutral, PublicKeyToken=null' or one of its dependencies.
Could not load signature of UnityEngine.Networking.NetworkManager:StartClient due to: Could not load file or assembly 'UnityEngine.UNETModule, Version=0.0.0.0, Culture=neutral, PublicKeyToken=null' or one of its dependencies.
Could not load signature of UnityEngine.Networking.NetworkManager:StartClient due to: Could not load file or assembly 'UnityEngine.UNETModule, Version=0.0.0.0, Culture=neutral, PublicKeyToken=null' or one of its dependencies.
Could not load signature of UnityEngine.Networking.NetworkManager:StartHost due to: Could not load file or assembly 'UnityEngine.UNETModule, Version=0.0.0.0, Culture=neutral, PublicKeyToken=null' or one of its dependencies.
Could not load signature of UnityEngine.Networking.NetworkManager:StartHost due to: Could not load file or assembly 'UnityEngine.UNETModule, Version=0.0.0.0, Culture=neutral, PublicKeyToken=null' or one of its dependencies.
Could not load signature of UnityEngine.Networking.NetworkManager:OnMatchCreate due to: Could not load file or assembly 'UnityEngine.UNETModule, Version=0.0.0.0, Culture=neutral, PublicKeyToken=null' or one of its dependencies.
Could not load signature of UnityEngine.Networking.NetworkManager:OnMatchList due to: Could not load file or assembly 'UnityEngine.UNETModule, Version=0.0.0.0, Culture=neutral, PublicKeyToken=null' or one of its dependencies.
Could not load signature of UnityEngine.Networking.NetworkManager:OnMatchJoined due to: Could not load file or assembly 'UnityEngine.UNETModule, Version=0.0.0.0, Culture=neutral, PublicKeyToken=null' or one of its dependencies.
Could not load signature of UnityEngine.Networking.NetworkMigrationManager:get_matchInfo due to: Could not load file or assembly 'UnityEngine.UNETModule, Version=0.0.0.0, Culture=neutral, PublicKeyToken=null' or one of its dependencies.
Could not load signature of UnityEngine.Networking.NetworkMigrationManager:Initialize due to: Could not load file or assembly 'UnityEngine.UNETModule, Version=0.0.0.0, Culture=neutral, PublicKeyToken=null' or one of its dependencies.
Native extension for WindowsStandalone target not found
Native extension for Android target not found
Native extension for WebGL target not found
Mono: successfully reloaded assembly
- Finished resetting the current domain, in  1.083 seconds
Domain Reload Profiling: 2125ms
	BeginReloadAssembly (272ms)
		ExecutionOrderSort (0ms)
		DisableScriptedObjects (11ms)
		BackupInstance (0ms)
		ReleaseScriptingObjects (0ms)
		CreateAndSetChildDomain (34ms)
	RebuildCommonClasses (69ms)
	RebuildNativeTypeToScriptingClass (26ms)
	initialDomainReloadingComplete (60ms)
	LoadAllAssembliesAndSetupDomain (613ms)
		LoadAssemblies (416ms)
		RebuildTransferFunctionScriptingTraits (0ms)
		AnalyzeDomain (350ms)
			TypeCache.Refresh (338ms)
				TypeCache.ScanAssembly (81ms)
			ScanForSourceGeneratedMonoScriptInfo (7ms)
			ResolveRequiredComponents (4ms)
	FinalizeReload (1085ms)
		ReleaseScriptCaches (0ms)
		RebuildScriptCaches (0ms)
		SetupLoadedEditorAssemblies (538ms)
			LogAssemblyErrors (0ms)
			InitializePlatformSupportModulesInManaged (46ms)
			SetLoadedEditorAssemblies (4ms)
			RefreshPlugins (0ms)
			BeforeProcessingInitializeOnLoad (83ms)
			ProcessInitializeOnLoadAttributes (338ms)
			ProcessInitializeOnLoadMethodAttributes (53ms)
			AfterProcessingInitializeOnLoad (12ms)
			EditorAssembliesLoaded (0ms)
		ExecutionOrderSort2 (0ms)
		AwakeInstancesAfterBackupRestoration (14ms)
Launched and connected shader compiler UnityShaderCompiler.exe after 0.14 seconds
Refreshing native plugins compatible for Editor in 3.26 ms, found 0 plugins.
Preloading 0 native plugins for Editor in 0.00 ms.
Unloading 417 Unused Serialized files (Serialized files now loaded: 0)
Unloading 12 unused Assets / (23.0 KB). Loaded Objects now: 925.
Memory consumption went from 58.6 MB to 58.6 MB.
Total: 30.369800 ms (FindLiveObjects: 0.130300 ms CreateObjectMapping: 0.032700 ms MarkObjects: 30.144800 ms  DeleteObjects: 0.059900 ms)

AssetImportParameters requested are different than current active one (requested -> active):
  custom:video-encoder-webm-vp8: eb34c28f22e8b96e1ab97ce403110664 -> 
  custom:video-decoder-webm-vp8: 9c59270c3fd7afecdb556c50c9e8de78 -> 
  custom:audio-decoder-ogg-vorbis: bf7c407c2cedff20999df2af8eb42d56 -> 
  custom:video-decoder-ogg-theora: a1e56fd34408186e4bbccfd4996cb3dc -> 
  custom:audio-encoder-webm-vorbis: bf7c407c2cedff20999df2af8eb42d56 -> 
  custom:SearchIndexIgnoredProperties: e643bd26f0fe6173181afceb89e7c659 -> 
  custom:container-demuxer-ogg: 62fdf1f143b41e24485cea50d1cbac27 -> 
  custom:AudioImporter_EditorPlatform: d09bf68614088b80899f8185d706f6e7 -> 
  custom:CustomObjectIndexerAttribute: 9a22284fe3817be447336de3de66b15e -> 
  custom:framework-win-MediaFoundation: 216162199b28c13a410421893ffa2e32 -> 
  custom:container-demuxer-webm: 4f35f7cbe854078d1ac9338744f61a02 -> 
  custom:container-muxer-webm: aa71ff27fc2769a1b78a27578f13a17b -> 
  custom:video-codec-MediaFoundation-h265: 746d11721c4dcdbdad8f713fa42b33f4 -> 
========================================================================
Received Import Request.
  Time since last request: 1375.421405 seconds.
  path: Assets/Scenes/main.unity
  artifactKey: Guid(c69ccc5bfaa13724f83880cda38e47fd) Importer(815301076,1909f56bfc062723c751e8b465ee728b)
Start importing Assets/Scenes/main.unity using Guid(c69ccc5bfaa13724f83880cda38e47fd) Importer(815301076,1909f56bfc062723c751e8b465ee728b) [PhysX] Initialized MultithreadedTaskDispatcher with 8 workers.
 -> (artifact id: 'de8b9076a8c0c894573751c73b738529') in 0.006304 seconds
Number of updated asset objects reloaded before import = 0
Number of asset objects unloaded after import = 0
========================================================================
Received Import Request.
  Time since last request: 0.000046 seconds.
  path: Assets/Scenes/main
  artifactKey: Guid(f57e14b26e8e561409df5d10eac6dd3a) Importer(815301076,1909f56bfc062723c751e8b465ee728b)
Start importing Assets/Scenes/main using Guid(f57e14b26e8e561409df5d10eac6dd3a) Importer(815301076,1909f56bfc062723c751e8b465ee728b) [PhysX] Initialized MultithreadedTaskDispatcher with 8 workers.
 -> (artifact id: '3f9545d30b6a5e275133f241b5ef7479') in 0.001212 seconds
Number of updated asset objects reloaded before import = 0
Number of asset objects unloaded after import = 0
========================================================================
Received Import Request.
  Time since last request: 308.713980 seconds.
  path: Assets/Resources/anatomy/0.asset
  artifactKey: Guid(000ec4dc2af63d340ad0bb68a59d39c4) Importer(815301076,1909f56bfc062723c751e8b465ee728b)
Start importing Assets/Resources/anatomy/0.asset using Guid(000ec4dc2af63d340ad0bb68a59d39c4) Importer(815301076,1909f56bfc062723c751e8b465ee728b) [PhysX] Initialized MultithreadedTaskDispatcher with 8 workers.
 -> (artifact id: '26c97437834a90de8ec4ac76c767375b') in 0.105330 seconds
Number of updated asset objects reloaded before import = 0
Number of asset objects unloaded after import = 3
========================================================================
Received Import Request.
  Time since last request: 0.000034 seconds.
  path: Assets/Resources/anatomy/12.asset
  artifactKey: Guid(bb71f68587b8595429212233c1f03844) Importer(815301076,1909f56bfc062723c751e8b465ee728b)
Start importing Assets/Resources/anatomy/12.asset using Guid(bb71f68587b8595429212233c1f03844) Importer(815301076,1909f56bfc062723c751e8b465ee728b) [PhysX] Initialized MultithreadedTaskDispatcher with 8 workers.
 -> (artifact id: '63a902c189f02204e04d46ce405db93f') in 0.019479 seconds
Number of updated asset objects reloaded before import = 0
Number of asset objects unloaded after import = 3
========================================================================
Received Import Request.
  Time since last request: 0.000035 seconds.
  path: Assets/Resources/anatomy/5.png
  artifactKey: Guid(2bc7566b0b898684f9df01de0da48fe9) Importer(815301076,1909f56bfc062723c751e8b465ee728b)
Start importing Assets/Resources/anatomy/5.png using Guid(2bc7566b0b898684f9df01de0da48fe9) Importer(815301076,1909f56bfc062723c751e8b465ee728b) [PhysX] Initialized MultithreadedTaskDispatcher with 8 workers.
[PhysX] Initialized MultithreadedTaskDispatcher with 8 workers.
 -> (artifact id: '6ff8576c729dea78867c86981b124fc0') in 0.049395 seconds
Number of updated asset objects reloaded before import = 0
Number of asset objects unloaded after import = 3
========================================================================
Received Import Request.
  Time since last request: 0.000018 seconds.
  path: Assets/Resources/anatomy/16.png
  artifactKey: Guid(106541545f77d704bb372884e87cfe2d) Importer(815301076,1909f56bfc062723c751e8b465ee728b)
Start importing Assets/Resources/anatomy/16.png using Guid(106541545f77d704bb372884e87cfe2d) Importer(815301076,1909f56bfc062723c751e8b465ee728b) [PhysX] Initialized MultithreadedTaskDispatcher with 8 workers.
[PhysX] Initialized MultithreadedTaskDispatcher with 8 workers.
 -> (artifact id: 'bd4243327c8f02864445fa9678954411') in 0.027170 seconds
Number of updated asset objects reloaded before import = 0
Number of asset objects unloaded after import = 3
========================================================================
Received Import Request.
  Time since last request: 0.000027 seconds.
  path: Assets/Resources/anatomy/7.png
  artifactKey: Guid(9c1218971a45245479aca30831bd441c) Importer(815301076,1909f56bfc062723c751e8b465ee728b)
Start importing Assets/Resources/anatomy/7.png using Guid(9c1218971a45245479aca30831bd441c) Importer(815301076,1909f56bfc062723c751e8b465ee728b) [PhysX] Initialized MultithreadedTaskDispatcher with 8 workers.
[PhysX] Initialized MultithreadedTaskDispatcher with 8 workers.
 -> (artifact id: '0d98696ef7b2e2f59444eabfd4bafe5b') in 0.025807 seconds
Number of updated asset objects reloaded before import = 0
Number of asset objects unloaded after import = 3
========================================================================
Received Import Request.
  Time since last request: 0.000026 seconds.
  path: Assets/Resources/anatomy/11.png
  artifactKey: Guid(38384524b195d254b809d1b887ecb523) Importer(815301076,1909f56bfc062723c751e8b465ee728b)
Start importing Assets/Resources/anatomy/11.png using Guid(38384524b195d254b809d1b887ecb523) Importer(815301076,1909f56bfc062723c751e8b465ee728b) [PhysX] Initialized MultithreadedTaskDispatcher with 8 workers.
[PhysX] Initialized MultithreadedTaskDispatcher with 8 workers.
 -> (artifact id: '11e7fec73d3e21925eb7341f12c58634') in 0.027981 seconds
Number of updated asset objects reloaded before import = 0
Number of asset objects unloaded after import = 3
========================================================================
Received Import Request.
  Time since last request: 0.000037 seconds.
  path: Assets/Resources/anatomy/9.asset
  artifactKey: Guid(2b175ef6baf6cb241b9728728e1aaee9) Importer(815301076,1909f56bfc062723c751e8b465ee728b)
Start importing Assets/Resources/anatomy/9.asset using Guid(2b175ef6baf6cb241b9728728e1aaee9) Importer(815301076,1909f56bfc062723c751e8b465ee728b) [PhysX] Initialized MultithreadedTaskDispatcher with 8 workers.
 -> (artifact id: 'dfc03332d27929fd8557347af1ac582c') in 0.022377 seconds
Number of updated asset objects reloaded before import = 0
Number of asset objects unloaded after import = 3
========================================================================
Received Import Request.
  Time since last request: 0.000023 seconds.
  path: Assets/Resources/anatomy/2.png
  artifactKey: Guid(64ca22c79cb30ce48bf3d606f76672dc) Importer(815301076,1909f56bfc062723c751e8b465ee728b)
Start importing Assets/Resources/anatomy/2.png using Guid(64ca22c79cb30ce48bf3d606f76672dc) Importer(815301076,1909f56bfc062723c751e8b465ee728b) [PhysX] Initialized MultithreadedTaskDispatcher with 8 workers.
[PhysX] Initialized MultithreadedTaskDispatcher with 8 workers.
 -> (artifact id: 'd56517a0d94c7762cac121f7a67428aa') in 0.024133 seconds
Number of updated asset objects reloaded before import = 0
Number of asset objects unloaded after import = 3
========================================================================
Received Import Request.
  Time since last request: 0.000052 seconds.
  path: Assets/Resources/anatomy/3.asset
  artifactKey: Guid(e5f139e4457288446a72e12f512505d1) Importer(815301076,1909f56bfc062723c751e8b465ee728b)
Start importing Assets/Resources/anatomy/3.asset using Guid(e5f139e4457288446a72e12f512505d1) Importer(815301076,1909f56bfc062723c751e8b465ee728b) [PhysX] Initialized MultithreadedTaskDispatcher with 8 workers.
 -> (artifact id: 'cc685e85f058dc585cada6808bb7d5a3') in 0.023041 seconds
Number of updated asset objects reloaded before import = 0
Number of asset objects unloaded after import = 3
========================================================================
Received Import Request.
  Time since last request: 0.000030 seconds.
  path: Assets/Resources/anatomy/6.asset
  artifactKey: Guid(b583b9e6b7636c24fbb88a37f5f63034) Importer(815301076,1909f56bfc062723c751e8b465ee728b)
Start importing Assets/Resources/anatomy/6.asset using Guid(b583b9e6b7636c24fbb88a37f5f63034) Importer(815301076,1909f56bfc062723c751e8b465ee728b) [PhysX] Initialized MultithreadedTaskDispatcher with 8 workers.
 -> (artifact id: '461ef30e8a078d2b91ef1128862e9943') in 0.023382 seconds
Number of updated asset objects reloaded before import = 0
Number of asset objects unloaded after import = 3
========================================================================
Received Import Request.
  Time since last request: 0.000055 seconds.
  path: Assets/Resources/anatomy/8.png
  artifactKey: Guid(53ee2f110372dc04787a6a7bd61748b1) Importer(815301076,1909f56bfc062723c751e8b465ee728b)
Start importing Assets/Resources/anatomy/8.png using Guid(53ee2f110372dc04787a6a7bd61748b1) Importer(815301076,1909f56bfc062723c751e8b465ee728b) [PhysX] Initialized MultithreadedTaskDispatcher with 8 workers.
[PhysX] Initialized MultithreadedTaskDispatcher with 8 workers.
 -> (artifact id: '00bec99d78ec328d2675dcd10326e7a9') in 0.027610 seconds
Number of updated asset objects reloaded before import = 0
Number of asset objects unloaded after import = 3
========================================================================
Received Import Request.
  Time since last request: 0.000023 seconds.
  path: Assets/Resources/anatomy/14.png
  artifactKey: Guid(f9c34e8a79deca0408908c6e32f3e070) Importer(815301076,1909f56bfc062723c751e8b465ee728b)
Start importing Assets/Resources/anatomy/14.png using Guid(f9c34e8a79deca0408908c6e32f3e070) Importer(815301076,1909f56bfc062723c751e8b465ee728b) [PhysX] Initialized MultithreadedTaskDispatcher with 8 workers.
[PhysX] Initialized MultithreadedTaskDispatcher with 8 workers.
 -> (artifact id: '15afc4f526e181457f1e14531216f3a3') in 0.028133 seconds
Number of updated asset objects reloaded before import = 0
Number of asset objects unloaded after import = 3
========================================================================
Received Import Request.
  Time since last request: 0.000036 seconds.
  path: Assets/Resources/anatomy/15.png
  artifactKey: Guid(06b15a0081bdeb24a9f75b30485417f9) Importer(815301076,1909f56bfc062723c751e8b465ee728b)
Start importing Assets/Resources/anatomy/15.png using Guid(06b15a0081bdeb24a9f75b30485417f9) Importer(815301076,1909f56bfc062723c751e8b465ee728b) [PhysX] Initialized MultithreadedTaskDispatcher with 8 workers.
[PhysX] Initialized MultithreadedTaskDispatcher with 8 workers.
 -> (artifact id: 'c3ea5bcbcd607033ab075765dfad0653') in 0.025055 seconds
Number of updated asset objects reloaded before import = 0
Number of asset objects unloaded after import = 3
========================================================================
Received Import Request.
  Time since last request: 0.000021 seconds.
  path: Assets/Resources/anatomy/2.asset
  artifactKey: Guid(099cd27184d9bf64fb189faca1e46267) Importer(815301076,1909f56bfc062723c751e8b465ee728b)
Start importing Assets/Resources/anatomy/2.asset using Guid(099cd27184d9bf64fb189faca1e46267) Importer(815301076,1909f56bfc062723c751e8b465ee728b) [PhysX] Initialized MultithreadedTaskDispatcher with 8 workers.
 -> (artifact id: 'd21fb8731f4897302877e201e1af9c60') in 0.019721 seconds
Number of updated asset objects reloaded before import = 0
Number of asset objects unloaded after import = 3
========================================================================
Received Import Request.
  Time since last request: 0.000023 seconds.
  path: Assets/Resources/anatomy/4.png
  artifactKey: Guid(250910b842a33014183d43086c1e005a) Importer(815301076,1909f56bfc062723c751e8b465ee728b)
Start importing Assets/Resources/anatomy/4.png using Guid(250910b842a33014183d43086c1e005a) Importer(815301076,1909f56bfc062723c751e8b465ee728b) [PhysX] Initialized MultithreadedTaskDispatcher with 8 workers.
[PhysX] Initialized MultithreadedTaskDispatcher with 8 workers.
 -> (artifact id: 'f143ee3a8f061851091c4e30bd28363a') in 0.026014 seconds
Number of updated asset objects reloaded before import = 0
Number of asset objects unloaded after import = 3
========================================================================
Received Import Request.
  Time since last request: 0.000019 seconds.
  path: Assets/Resources/anatomy/9.png
  artifactKey: Guid(658c595671cae834bac42887fb525574) Importer(815301076,1909f56bfc062723c751e8b465ee728b)
Start importing Assets/Resources/anatomy/9.png using Guid(658c595671cae834bac42887fb525574) Importer(815301076,1909f56bfc062723c751e8b465ee728b) [PhysX] Initialized MultithreadedTaskDispatcher with 8 workers.
[PhysX] Initialized MultithreadedTaskDispatcher with 8 workers.
 -> (artifact id: 'f2f0443580c7547ae1c88ee0296f23d9') in 0.026371 seconds
Number of updated asset objects reloaded before import = 0
Number of asset objects unloaded after import = 3
========================================================================
Received Import Request.
  Time since last request: 0.638893 seconds.
  path: Assets/Resources/anatomy/17.asset
  artifactKey: Guid(e395c84f552644446826c5722744c584) Importer(815301076,1909f56bfc062723c751e8b465ee728b)
Start importing Assets/Resources/anatomy/17.asset using Guid(e395c84f552644446826c5722744c584) Importer(815301076,1909f56bfc062723c751e8b465ee728b) [PhysX] Initialized MultithreadedTaskDispatcher with 8 workers.
 -> (artifact id: 'fe8145262f0ebeb3f4d6e3ecdf137af9') in 0.020364 seconds
Number of updated asset objects reloaded before import = 0
Number of asset objects unloaded after import = 3
========================================================================
Received Import Request.
  Time since last request: 0.000030 seconds.
  path: Assets/Resources/anatomy/18.asset
  artifactKey: Guid(7fe5d45fd77fbdd43b3b0d32fa62e0d4) Importer(815301076,1909f56bfc062723c751e8b465ee728b)
Start importing Assets/Resources/anatomy/18.asset using Guid(7fe5d45fd77fbdd43b3b0d32fa62e0d4) Importer(815301076,1909f56bfc062723c751e8b465ee728b) [PhysX] Initialized MultithreadedTaskDispatcher with 8 workers.
 -> (artifact id: '0d71c1a5daa2e027e69aeda6c1f07949') in 0.026811 seconds
Number of updated asset objects reloaded before import = 0
Number of asset objects unloaded after import = 3
========================================================================
Received Import Request.
  Time since last request: 0.000030 seconds.
  path: Assets/Resources/anatomy/20.png
  artifactKey: Guid(ecd27e5f6baf9cc4e89486679ff7a3ed) Importer(815301076,1909f56bfc062723c751e8b465ee728b)
Start importing Assets/Resources/anatomy/20.png using Guid(ecd27e5f6baf9cc4e89486679ff7a3ed) Importer(815301076,1909f56bfc062723c751e8b465ee728b) [PhysX] Initialized MultithreadedTaskDispatcher with 8 workers.
[PhysX] Initialized MultithreadedTaskDispatcher with 8 workers.
 -> (artifact id: 'f0dc1693740639d319215d7886c95868') in 0.026663 seconds
Number of updated asset objects reloaded before import = 0
Number of asset objects unloaded after import = 3
========================================================================
Received Import Request.
  Time since last request: 0.000023 seconds.
  path: Assets/Resources/anatomy/19.png
  artifactKey: Guid(56f226b9c83c74f4ab654a992ea47d4e) Importer(815301076,1909f56bfc062723c751e8b465ee728b)
Start importing Assets/Resources/anatomy/19.png using Guid(56f226b9c83c74f4ab654a992ea47d4e) Importer(815301076,1909f56bfc062723c751e8b465ee728b) [PhysX] Initialized MultithreadedTaskDispatcher with 8 workers.
[PhysX] Initialized MultithreadedTaskDispatcher with 8 workers.
 -> (artifact id: 'efc1618ba87515e11a8ade0e234b23f0') in 0.023026 seconds
Number of updated asset objects reloaded before import = 0
Number of asset objects unloaded after import = 3
========================================================================
Received Import Request.
  Time since last request: 0.000028 seconds.
  path: Assets/Resources/anatomy/25.asset
  artifactKey: Guid(a8287b5e7fbb63642a740a439603e544) Importer(815301076,1909f56bfc062723c751e8b465ee728b)
Start importing Assets/Resources/anatomy/25.asset using Guid(a8287b5e7fbb63642a740a439603e544) Importer(815301076,1909f56bfc062723c751e8b465ee728b) [PhysX] Initialized MultithreadedTaskDispatcher with 8 workers.
 -> (artifact id: '75b73e38901b9284953516d6b4885337') in 0.020529 seconds
Number of updated asset objects reloaded before import = 0
Number of asset objects unloaded after import = 3
========================================================================
Received Import Request.
  Time since last request: 0.000026 seconds.
  path: Assets/Resources/anatomy/30.png
  artifactKey: Guid(4c6a814e077c31b449b305b216b0c8ec) Importer(815301076,1909f56bfc062723c751e8b465ee728b)
Start importing Assets/Resources/anatomy/30.png using Guid(4c6a814e077c31b449b305b216b0c8ec) Importer(815301076,1909f56bfc062723c751e8b465ee728b) [PhysX] Initialized MultithreadedTaskDispatcher with 8 workers.
[PhysX] Initialized MultithreadedTaskDispatcher with 8 workers.
 -> (artifact id: 'ffaf016ed11d72448c15372a4255f484') in 0.030538 seconds
Number of updated asset objects reloaded before import = 0
Number of asset objects unloaded after import = 3
========================================================================
Received Import Request.
  Time since last request: 0.000032 seconds.
  path: Assets/Resources/anatomy/28.asset
  artifactKey: Guid(5fe81f2b7956fca4287b184059c38cbf) Importer(815301076,1909f56bfc062723c751e8b465ee728b)
Start importing Assets/Resources/anatomy/28.asset using Guid(5fe81f2b7956fca4287b184059c38cbf) Importer(815301076,1909f56bfc062723c751e8b465ee728b) [PhysX] Initialized MultithreadedTaskDispatcher with 8 workers.
 -> (artifact id: 'e9d088b92b039b806d64f9f6ac59aa0c') in 0.020756 seconds
Number of updated asset objects reloaded before import = 0
Number of asset objects unloaded after import = 3
========================================================================
Received Import Request.
  Time since last request: 0.000022 seconds.
  path: Assets/Resources/anatomy/34.png
  artifactKey: Guid(f23981b21712be24b8805584e5d19835) Importer(815301076,1909f56bfc062723c751e8b465ee728b)
Start importing Assets/Resources/anatomy/34.png using Guid(f23981b21712be24b8805584e5d19835) Importer(815301076,1909f56bfc062723c751e8b465ee728b) [PhysX] Initialized MultithreadedTaskDispatcher with 8 workers.
[PhysX] Initialized MultithreadedTaskDispatcher with 8 workers.
 -> (artifact id: '89dea690a7a6201213804b3c7e0a5742') in 0.027258 seconds
Number of updated asset objects reloaded before import = 0
Number of asset objects unloaded after import = 3
========================================================================
Received Import Request.
  Time since last request: 0.000025 seconds.
  path: Assets/Resources/anatomy/35.png
  artifactKey: Guid(2c76506bf76acda4db87f831ae797bdd) Importer(815301076,1909f56bfc062723c751e8b465ee728b)
Start importing Assets/Resources/anatomy/35.png using Guid(2c76506bf76acda4db87f831ae797bdd) Importer(815301076,1909f56bfc062723c751e8b465ee728b) [PhysX] Initialized MultithreadedTaskDispatcher with 8 workers.
[PhysX] Initialized MultithreadedTaskDispatcher with 8 workers.
 -> (artifact id: 'a996f9e396e7a0c45976757b0803d933') in 0.030007 seconds
Number of updated asset objects reloaded before import = 0
Number of asset objects unloaded after import = 3
========================================================================
Received Import Request.
  Time since last request: 0.000076 seconds.
  path: Assets/Resources/anatomy/31.png
  artifactKey: Guid(08a168bdd5bb1cd4b8826e7c88f7f4f2) Importer(815301076,1909f56bfc062723c751e8b465ee728b)
Start importing Assets/Resources/anatomy/31.png using Guid(08a168bdd5bb1cd4b8826e7c88f7f4f2) Importer(815301076,1909f56bfc062723c751e8b465ee728b) [PhysX] Initialized MultithreadedTaskDispatcher with 8 workers.
[PhysX] Initialized MultithreadedTaskDispatcher with 8 workers.
 -> (artifact id: 'b0c4e6037b1d2984140205acc2758eb6') in 0.021641 seconds
Number of updated asset objects reloaded before import = 0
Number of asset objects unloaded after import = 3
========================================================================
Received Import Request.
  Time since last request: 0.000026 seconds.
  path: Assets/Resources/anatomy/20.asset
  artifactKey: Guid(4f7abf938b0975b47a17a6f06a88e485) Importer(815301076,1909f56bfc062723c751e8b465ee728b)
Start importing Assets/Resources/anatomy/20.asset using Guid(4f7abf938b0975b47a17a6f06a88e485) Importer(815301076,1909f56bfc062723c751e8b465ee728b) [PhysX] Initialized MultithreadedTaskDispatcher with 8 workers.
 -> (artifact id: 'ccce2609c37158f2b94ccad75e58cf3c') in 0.027210 seconds
Number of updated asset objects reloaded before import = 0
Number of asset objects unloaded after import = 3
========================================================================
Received Import Request.
  Time since last request: 0.000033 seconds.
  path: Assets/Resources/anatomy/27.png
  artifactKey: Guid(ee5133c9786162749b0753ef5f3e5bcb) Importer(815301076,1909f56bfc062723c751e8b465ee728b)
Start importing Assets/Resources/anatomy/27.png using Guid(ee5133c9786162749b0753ef5f3e5bcb) Importer(815301076,1909f56bfc062723c751e8b465ee728b) [PhysX] Initialized MultithreadedTaskDispatcher with 8 workers.
[PhysX] Initialized MultithreadedTaskDispatcher with 8 workers.
 -> (artifact id: 'b17fdc331c7313c1be1a073bba3baa98') in 0.037506 seconds
Number of updated asset objects reloaded before import = 0
Number of asset objects unloaded after import = 3
========================================================================
Received Import Request.
  Time since last request: 0.000088 seconds.
  path: Assets/Resources/anatomy/21.png
  artifactKey: Guid(3a75e3fc492a3074f80c1573ea8b0e37) Importer(815301076,1909f56bfc062723c751e8b465ee728b)
Start importing Assets/Resources/anatomy/21.png using Guid(3a75e3fc492a3074f80c1573ea8b0e37) Importer(815301076,1909f56bfc062723c751e8b465ee728b) [PhysX] Initialized MultithreadedTaskDispatcher with 8 workers.
[PhysX] Initialized MultithreadedTaskDispatcher with 8 workers.
 -> (artifact id: '0d6766bedaf1e9b16a854105bd9d2967') in 0.034216 seconds
Number of updated asset objects reloaded before import = 0
Number of asset objects unloaded after import = 3
========================================================================
Received Import Request.
  Time since last request: 0.000050 seconds.
  path: Assets/Resources/anatomy/33.asset
  artifactKey: Guid(b40ae4e4edaa9eb4983eac7718f64670) Importer(815301076,1909f56bfc062723c751e8b465ee728b)
Start importing Assets/Resources/anatomy/33.asset using Guid(b40ae4e4edaa9eb4983eac7718f64670) Importer(815301076,1909f56bfc062723c751e8b465ee728b) [PhysX] Initialized MultithreadedTaskDispatcher with 8 workers.
 -> (artifact id: '2aa14a586ecf7f80cada95f83c4871eb') in 0.022379 seconds
Number of updated asset objects reloaded before import = 0
Number of asset objects unloaded after import = 3
========================================================================
Received Import Request.
  Time since last request: 0.000017 seconds.
  path: Assets/Resources/anatomy/26.png
  artifactKey: Guid(238c7a8500c7e0f47ad22aa24a69b8f2) Importer(815301076,1909f56bfc062723c751e8b465ee728b)
Start importing Assets/Resources/anatomy/26.png using Guid(238c7a8500c7e0f47ad22aa24a69b8f2) Importer(815301076,1909f56bfc062723c751e8b465ee728b) [PhysX] Initialized MultithreadedTaskDispatcher with 8 workers.
[PhysX] Initialized MultithreadedTaskDispatcher with 8 workers.
 -> (artifact id: '79be36e8ecd8c5fea43ed6692ca1401c') in 0.022659 seconds
Number of updated asset objects reloaded before import = 0
Number of asset objects unloaded after import = 3
========================================================================
Received Import Request.
  Time since last request: 0.000022 seconds.
  path: Assets/Resources/anatomy/24.png
  artifactKey: Guid(0e406a760a9030443829c99ed7e23afe) Importer(815301076,1909f56bfc062723c751e8b465ee728b)
Start importing Assets/Resources/anatomy/24.png using Guid(0e406a760a9030443829c99ed7e23afe) Importer(815301076,1909f56bfc062723c751e8b465ee728b) [PhysX] Initialized MultithreadedTaskDispatcher with 8 workers.
[PhysX] Initialized MultithreadedTaskDispatcher with 8 workers.
 -> (artifact id: 'b67d0f27627549da99d9c8045187fba7') in 0.021880 seconds
Number of updated asset objects reloaded before import = 0
Number of asset objects unloaded after import = 3
========================================================================
Received Import Request.
  Time since last request: 0.000018 seconds.
  path: Assets/Resources/anatomy/25.png
  artifactKey: Guid(f9a0f95904fd0434992dd384f84ca7fe) Importer(815301076,1909f56bfc062723c751e8b465ee728b)
Start importing Assets/Resources/anatomy/25.png using Guid(f9a0f95904fd0434992dd384f84ca7fe) Importer(815301076,1909f56bfc062723c751e8b465ee728b) [PhysX] Initialized MultithreadedTaskDispatcher with 8 workers.
[PhysX] Initialized MultithreadedTaskDispatcher with 8 workers.
 -> (artifact id: '6dfdd0e67a8cc36243a1a4024c840e08') in 0.025589 seconds
Number of updated asset objects reloaded before import = 0
Number of asset objects unloaded after import = 3
========================================================================
Received Import Request.
  Time since last request: 0.000020 seconds.
  path: Assets/Resources/anatomy/31.asset
  artifactKey: Guid(86f0cd3fdea9f4944a59cbc1848091c3) Importer(815301076,1909f56bfc062723c751e8b465ee728b)
Start importing Assets/Resources/anatomy/31.asset using Guid(86f0cd3fdea9f4944a59cbc1848091c3) Importer(815301076,1909f56bfc062723c751e8b465ee728b) [PhysX] Initialized MultithreadedTaskDispatcher with 8 workers.
 -> (artifact id: 'd0ae9bd57d72ef545f3de3e52544bc32') in 0.017882 seconds
Number of updated asset objects reloaded before import = 0
Number of asset objects unloaded after import = 3
========================================================================
Received Import Request.
  Time since last request: 0.000026 seconds.
  path: Assets/Resources/anatomy/37.png
  artifactKey: Guid(84dbb75c41cec544493c78756b2bc8d8) Importer(815301076,1909f56bfc062723c751e8b465ee728b)
Start importing Assets/Resources/anatomy/37.png using Guid(84dbb75c41cec544493c78756b2bc8d8) Importer(815301076,1909f56bfc062723c751e8b465ee728b) [PhysX] Initialized MultithreadedTaskDispatcher with 8 workers.
[PhysX] Initialized MultithreadedTaskDispatcher with 8 workers.
 -> (artifact id: '41b9a36b609c01fd530c4d19a49bd3d1') in 0.025757 seconds
Number of updated asset objects reloaded before import = 0
Number of asset objects unloaded after import = 3
========================================================================
Received Import Request.
  Time since last request: 0.000021 seconds.
  path: Assets/Resources/anatomy/27.asset
  artifactKey: Guid(cf4376788dc357f42a29088927624c88) Importer(815301076,1909f56bfc062723c751e8b465ee728b)
Start importing Assets/Resources/anatomy/27.asset using Guid(cf4376788dc357f42a29088927624c88) Importer(815301076,1909f56bfc062723c751e8b465ee728b) [PhysX] Initialized MultithreadedTaskDispatcher with 8 workers.
 -> (artifact id: '626e4d7434390dd6ed5d20f4e2f0167a') in 0.021209 seconds
Number of updated asset objects reloaded before import = 0
Number of asset objects unloaded after import = 3
========================================================================
Received Import Request.
  Time since last request: 0.000023 seconds.
  path: Assets/Resources/anatomy/18.png
  artifactKey: Guid(963a24fe797eb844fbab7302ae274767) Importer(815301076,1909f56bfc062723c751e8b465ee728b)
Start importing Assets/Resources/anatomy/18.png using Guid(963a24fe797eb844fbab7302ae274767) Importer(815301076,1909f56bfc062723c751e8b465ee728b) [PhysX] Initialized MultithreadedTaskDispatcher with 8 workers.
[PhysX] Initialized MultithreadedTaskDispatcher with 8 workers.
 -> (artifact id: '78cfe0510018ac9ff90db57ea479c563') in 0.024683 seconds
Number of updated asset objects reloaded before import = 0
Number of asset objects unloaded after import = 3
========================================================================
Received Import Request.
  Time since last request: 0.000061 seconds.
  path: Assets/Resources/anatomy/34.asset
  artifactKey: Guid(6007d4d4976ba3e4cbc074763cd6b5b3) Importer(815301076,1909f56bfc062723c751e8b465ee728b)
Start importing Assets/Resources/anatomy/34.asset using Guid(6007d4d4976ba3e4cbc074763cd6b5b3) Importer(815301076,1909f56bfc062723c751e8b465ee728b) [PhysX] Initialized MultithreadedTaskDispatcher with 8 workers.
 -> (artifact id: '0c2371984cc71d9644634e1035df1d0d') in 0.017995 seconds
Number of updated asset objects reloaded before import = 0
Number of asset objects unloaded after import = 3
========================================================================
Received Import Request.
  Time since last request: 0.000019 seconds.
  path: Assets/Resources/anatomy/43.asset
  artifactKey: Guid(2d06f6b709867bf4ea3160d7fbfc7766) Importer(815301076,1909f56bfc062723c751e8b465ee728b)
Start importing Assets/Resources/anatomy/43.asset using Guid(2d06f6b709867bf4ea3160d7fbfc7766) Importer(815301076,1909f56bfc062723c751e8b465ee728b) [PhysX] Initialized MultithreadedTaskDispatcher with 8 workers.
 -> (artifact id: 'f06bf360cef1ef2664c054a239414607') in 0.023260 seconds
Number of updated asset objects reloaded before import = 0
Number of asset objects unloaded after import = 3
========================================================================
Received Import Request.
  Time since last request: 0.000023 seconds.
  path: Assets/Resources/anatomy/42.png
  artifactKey: Guid(ec8cd2baeca7ffa48a8f92701b885c65) Importer(815301076,1909f56bfc062723c751e8b465ee728b)
Start importing Assets/Resources/anatomy/42.png using Guid(ec8cd2baeca7ffa48a8f92701b885c65) Importer(815301076,1909f56bfc062723c751e8b465ee728b) [PhysX] Initialized MultithreadedTaskDispatcher with 8 workers.
[PhysX] Initialized MultithreadedTaskDispatcher with 8 workers.
 -> (artifact id: '2802935eefe5daa4382a3cdefd684441') in 0.022542 seconds
Number of updated asset objects reloaded before import = 0
Number of asset objects unloaded after import = 3
========================================================================
Received Import Request.
  Time since last request: 0.000023 seconds.
  path: Assets/Resources/anatomy/53.asset
  artifactKey: Guid(449990c011edff04bad39dbb60c50c2b) Importer(815301076,1909f56bfc062723c751e8b465ee728b)
Start importing Assets/Resources/anatomy/53.asset using Guid(449990c011edff04bad39dbb60c50c2b) Importer(815301076,1909f56bfc062723c751e8b465ee728b) [PhysX] Initialized MultithreadedTaskDispatcher with 8 workers.
 -> (artifact id: 'fb9b73555d83f18189763a5ca32c1245') in 0.025337 seconds
Number of updated asset objects reloaded before import = 0
Number of asset objects unloaded after import = 3
========================================================================
Received Import Request.
  Time since last request: 0.000038 seconds.
  path: Assets/Resources/anatomy/46.asset
  artifactKey: Guid(bebc5145b37a1664c9b7693d4475f471) Importer(815301076,1909f56bfc062723c751e8b465ee728b)
Start importing Assets/Resources/anatomy/46.asset using Guid(bebc5145b37a1664c9b7693d4475f471) Importer(815301076,1909f56bfc062723c751e8b465ee728b) [PhysX] Initialized MultithreadedTaskDispatcher with 8 workers.
 -> (artifact id: '6c8a721e76ef89d65125880385385254') in 0.026678 seconds
Number of updated asset objects reloaded before import = 0
Number of asset objects unloaded after import = 3
========================================================================
Received Import Request.
  Time since last request: 0.000280 seconds.
  path: Assets/Resources/anatomy/56.png
  artifactKey: Guid(6d5d2be82f6b7d8428d6523b097a82f9) Importer(815301076,1909f56bfc062723c751e8b465ee728b)
Start importing Assets/Resources/anatomy/56.png using Guid(6d5d2be82f6b7d8428d6523b097a82f9) Importer(815301076,1909f56bfc062723c751e8b465ee728b) [PhysX] Initialized MultithreadedTaskDispatcher with 8 workers.
[PhysX] Initialized MultithreadedTaskDispatcher with 8 workers.
 -> (artifact id: '76c925172ad739efbaf5b03b2198cc1f') in 0.027251 seconds
Number of updated asset objects reloaded before import = 0
Number of asset objects unloaded after import = 3
========================================================================
Received Import Request.
  Time since last request: 0.000027 seconds.
  path: Assets/Resources/anatomy/55.png
  artifactKey: Guid(8f3922c281458614b9c1c07bfbc09ff2) Importer(815301076,1909f56bfc062723c751e8b465ee728b)
Start importing Assets/Resources/anatomy/55.png using Guid(8f3922c281458614b9c1c07bfbc09ff2) Importer(815301076,1909f56bfc062723c751e8b465ee728b) [PhysX] Initialized MultithreadedTaskDispatcher with 8 workers.
[PhysX] Initialized MultithreadedTaskDispatcher with 8 workers.
 -> (artifact id: 'cd0f1e352e4b6bd9e6e97cfb41674a09') in 0.025146 seconds
Number of updated asset objects reloaded before import = 0
Number of asset objects unloaded after import = 3
========================================================================
Received Import Request.
  Time since last request: 0.000021 seconds.
  path: Assets/Resources/anatomy/52.png
  artifactKey: Guid(8210d58eb03d33344a67542bd5c77c74) Importer(815301076,1909f56bfc062723c751e8b465ee728b)
Start importing Assets/Resources/anatomy/52.png using Guid(8210d58eb03d33344a67542bd5c77c74) Importer(815301076,1909f56bfc062723c751e8b465ee728b) [PhysX] Initialized MultithreadedTaskDispatcher with 8 workers.
[PhysX] Initialized MultithreadedTaskDispatcher with 8 workers.
 -> (artifact id: '1edabc44376b88cc49a4486fdeeefea0') in 0.024499 seconds
Number of updated asset objects reloaded before import = 0
Number of asset objects unloaded after import = 3
========================================================================
Received Import Request.
  Time since last request: 0.000024 seconds.
  path: Assets/Resources/anatomy/44.png
  artifactKey: Guid(5593600099ee62f4bb7a6b812fe33754) Importer(815301076,1909f56bfc062723c751e8b465ee728b)
Start importing Assets/Resources/anatomy/44.png using Guid(5593600099ee62f4bb7a6b812fe33754) Importer(815301076,1909f56bfc062723c751e8b465ee728b) [PhysX] Initialized MultithreadedTaskDispatcher with 8 workers.
[PhysX] Initialized MultithreadedTaskDispatcher with 8 workers.
 -> (artifact id: 'e649c0ae2ecf464755c66a25aff43c15') in 0.022397 seconds
Number of updated asset objects reloaded before import = 0
Number of asset objects unloaded after import = 3
========================================================================
Received Import Request.
  Time since last request: 0.000027 seconds.
  path: Assets/Resources/anatomy/48.asset
  artifactKey: Guid(bd24d5393eab16647aa3a7241547ba64) Importer(815301076,1909f56bfc062723c751e8b465ee728b)
Start importing Assets/Resources/anatomy/48.asset using Guid(bd24d5393eab16647aa3a7241547ba64) Importer(815301076,1909f56bfc062723c751e8b465ee728b) [PhysX] Initialized MultithreadedTaskDispatcher with 8 workers.
 -> (artifact id: 'eb3fa84ef2e38d842506ca8dcbac9637') in 0.019866 seconds
Number of updated asset objects reloaded before import = 0
Number of asset objects unloaded after import = 3
========================================================================
Received Import Request.
  Time since last request: 0.000029 seconds.
  path: Assets/Resources/anatomy/57.asset
  artifactKey: Guid(aab6e217bb29f42429de323e514ff743) Importer(815301076,1909f56bfc062723c751e8b465ee728b)
Start importing Assets/Resources/anatomy/57.asset using Guid(aab6e217bb29f42429de323e514ff743) Importer(815301076,1909f56bfc062723c751e8b465ee728b) [PhysX] Initialized MultithreadedTaskDispatcher with 8 workers.
 -> (artifact id: 'bb067db83c14e92ec684975b2f2f39b7') in 0.020488 seconds
Number of updated asset objects reloaded before import = 0
Number of asset objects unloaded after import = 3
========================================================================
Received Import Request.
  Time since last request: 0.000023 seconds.
  path: Assets/Resources/anatomy/49.asset
  artifactKey: Guid(8032e06b8d68c824eb1699f1683c0bb2) Importer(815301076,1909f56bfc062723c751e8b465ee728b)
Start importing Assets/Resources/anatomy/49.asset using Guid(8032e06b8d68c824eb1699f1683c0bb2) Importer(815301076,1909f56bfc062723c751e8b465ee728b) [PhysX] Initialized MultithreadedTaskDispatcher with 8 workers.
 -> (artifact id: '2007236e14495f40feaceb99411560da') in 0.021569 seconds
Number of updated asset objects reloaded before import = 0
Number of asset objects unloaded after import = 3
========================================================================
Received Import Request.
  Time since last request: 0.000028 seconds.
  path: Assets/Resources/anatomy/41.asset
  artifactKey: Guid(e33b47d3850a1354fbb327f8e9cbb7f1) Importer(815301076,1909f56bfc062723c751e8b465ee728b)
Start importing Assets/Resources/anatomy/41.asset using Guid(e33b47d3850a1354fbb327f8e9cbb7f1) Importer(815301076,1909f56bfc062723c751e8b465ee728b) [PhysX] Initialized MultithreadedTaskDispatcher with 8 workers.
 -> (artifact id: '28aa3fe525672a43c9502cf8f760f444') in 0.022569 seconds
Number of updated asset objects reloaded before import = 0
Number of asset objects unloaded after import = 3
========================================================================
Received Import Request.
  Time since last request: 0.000023 seconds.
  path: Assets/Resources/anatomy/50.png
  artifactKey: Guid(461d0d21db9f2c64d8baf94ff7a4c5cf) Importer(815301076,1909f56bfc062723c751e8b465ee728b)
Start importing Assets/Resources/anatomy/50.png using Guid(461d0d21db9f2c64d8baf94ff7a4c5cf) Importer(815301076,1909f56bfc062723c751e8b465ee728b) [PhysX] Initialized MultithreadedTaskDispatcher with 8 workers.
[PhysX] Initialized MultithreadedTaskDispatcher with 8 workers.
 -> (artifact id: 'f19ae7be24bd5d7d8f6cb19a4028b8b0') in 0.027797 seconds
Number of updated asset objects reloaded before import = 0
Number of asset objects unloaded after import = 3
========================================================================
Received Import Request.
  Time since last request: 0.000032 seconds.
  path: Assets/Resources/anatomy/53.png
  artifactKey: Guid(ba5aad6f51bb2d041bd1b9ade53c4a5a) Importer(815301076,1909f56bfc062723c751e8b465ee728b)
Start importing Assets/Resources/anatomy/53.png using Guid(ba5aad6f51bb2d041bd1b9ade53c4a5a) Importer(815301076,1909f56bfc062723c751e8b465ee728b) [PhysX] Initialized MultithreadedTaskDispatcher with 8 workers.
[PhysX] Initialized MultithreadedTaskDispatcher with 8 workers.
 -> (artifact id: '33b73ad68884592cedff16386a39056e') in 0.031877 seconds
Number of updated asset objects reloaded before import = 0
Number of asset objects unloaded after import = 3
========================================================================
Received Import Request.
  Time since last request: 0.000027 seconds.
  path: Assets/Resources/anatomy/51.asset
  artifactKey: Guid(926293d40b765f840a34159321a926f8) Importer(815301076,1909f56bfc062723c751e8b465ee728b)
Start importing Assets/Resources/anatomy/51.asset using Guid(926293d40b765f840a34159321a926f8) Importer(815301076,1909f56bfc062723c751e8b465ee728b) [PhysX] Initialized MultithreadedTaskDispatcher with 8 workers.
 -> (artifact id: '899a0381334f0bc4d66b08b5d683b24b') in 0.030305 seconds
Number of updated asset objects reloaded before import = 0
Number of asset objects unloaded after import = 3
========================================================================
Received Import Request.
  Time since last request: 0.000025 seconds.
  path: Assets/Resources/anatomy/45.png
  artifactKey: Guid(9f86b1f1671d66e4eace0ca3d01ea60c) Importer(815301076,1909f56bfc062723c751e8b465ee728b)
Start importing Assets/Resources/anatomy/45.png using Guid(9f86b1f1671d66e4eace0ca3d01ea60c) Importer(815301076,1909f56bfc062723c751e8b465ee728b) [PhysX] Initialized MultithreadedTaskDispatcher with 8 workers.
[PhysX] Initialized MultithreadedTaskDispatcher with 8 workers.
 -> (artifact id: 'c71d753a485b8d2c290f23d1aedd73ff') in 0.031367 seconds
Number of updated asset objects reloaded before import = 0
Number of asset objects unloaded after import = 3
========================================================================
Received Import Request.
  Time since last request: 0.000025 seconds.
  path: Assets/Resources/anatomy/51.png
  artifactKey: Guid(4704c4b42e7366148bc8698223dcfec1) Importer(815301076,1909f56bfc062723c751e8b465ee728b)
Start importing Assets/Resources/anatomy/51.png using Guid(4704c4b42e7366148bc8698223dcfec1) Importer(815301076,1909f56bfc062723c751e8b465ee728b) [PhysX] Initialized MultithreadedTaskDispatcher with 8 workers.
[PhysX] Initialized MultithreadedTaskDispatcher with 8 workers.
 -> (artifact id: '755ae0afabadc120437a085db8c84fce') in 0.032758 seconds
Number of updated asset objects reloaded before import = 0
Number of asset objects unloaded after import = 3
========================================================================
Received Import Request.
  Time since last request: 0.000025 seconds.
  path: Assets/Resources/anatomy/56.asset
  artifactKey: Guid(d0b7e02199a037b41b8dd0d29abc112c) Importer(815301076,1909f56bfc062723c751e8b465ee728b)
Start importing Assets/Resources/anatomy/56.asset using Guid(d0b7e02199a037b41b8dd0d29abc112c) Importer(815301076,1909f56bfc062723c751e8b465ee728b) [PhysX] Initialized MultithreadedTaskDispatcher with 8 workers.
 -> (artifact id: '3bac6c6d7a75f574791127b2dad0398a') in 0.027788 seconds
Number of updated asset objects reloaded before import = 0
Number of asset objects unloaded after import = 3
========================================================================
Received Import Request.
  Time since last request: 0.000035 seconds.
  path: Assets/Resources/anatomy/54.asset
  artifactKey: Guid(d6312749792e7e442a95c75b15028701) Importer(815301076,1909f56bfc062723c751e8b465ee728b)
Start importing Assets/Resources/anatomy/54.asset using Guid(d6312749792e7e442a95c75b15028701) Importer(815301076,1909f56bfc062723c751e8b465ee728b) [PhysX] Initialized MultithreadedTaskDispatcher with 8 workers.
 -> (artifact id: 'ba5348625679d493f9c462b5174a2686') in 0.026779 seconds
Number of updated asset objects reloaded before import = 0
Number of asset objects unloaded after import = 3
========================================================================
Received Import Request.
  Time since last request: 1.599249 seconds.
  path: Assets/Resources/lips/49.png
  artifactKey: Guid(9f4e5d1f1af42f14aa0aaede6c863d02) Importer(815301076,1909f56bfc062723c751e8b465ee728b)
Start importing Assets/Resources/lips/49.png using Guid(9f4e5d1f1af42f14aa0aaede6c863d02) Importer(815301076,1909f56bfc062723c751e8b465ee728b) [PhysX] Initialized MultithreadedTaskDispatcher with 8 workers.
[PhysX] Initialized MultithreadedTaskDispatcher with 8 workers.
 -> (artifact id: 'f3bc09ae30b4e92bb910495a37efb117') in 0.022630 seconds
Number of updated asset objects reloaded before import = 0
Number of asset objects unloaded after import = 3
========================================================================
Received Import Request.
  Time since last request: 0.000021 seconds.
  path: Assets/Resources/lips/50.asset
  artifactKey: Guid(dc4e629abade78a4794cc6eaee8d59f9) Importer(815301076,1909f56bfc062723c751e8b465ee728b)
Start importing Assets/Resources/lips/50.asset using Guid(dc4e629abade78a4794cc6eaee8d59f9) Importer(815301076,1909f56bfc062723c751e8b465ee728b) [PhysX] Initialized MultithreadedTaskDispatcher with 8 workers.
 -> (artifact id: 'e0af46fa0f4d55c832205ab2724d73fb') in 0.029152 seconds
Number of updated asset objects reloaded before import = 0
Number of asset objects unloaded after import = 3
========================================================================
Received Import Request.
  Time since last request: 0.000039 seconds.
  path: Assets/Resources/lips/51.asset
  artifactKey: Guid(6f31cdc55db03ec4582d0c0ad2cd3c16) Importer(815301076,1909f56bfc062723c751e8b465ee728b)
Start importing Assets/Resources/lips/51.asset using Guid(6f31cdc55db03ec4582d0c0ad2cd3c16) Importer(815301076,1909f56bfc062723c751e8b465ee728b) [PhysX] Initialized MultithreadedTaskDispatcher with 8 workers.
 -> (artifact id: '5028b2d418bb3dcdd0ab21cffd7e4dc8') in 0.018417 seconds
Number of updated asset objects reloaded before import = 0
Number of asset objects unloaded after import = 3
========================================================================
Received Import Request.
  Time since last request: 0.000053 seconds.
  path: Assets/Resources/lips/52.asset
  artifactKey: Guid(c6889ac641ba06847b217634bb5cc07e) Importer(815301076,1909f56bfc062723c751e8b465ee728b)
Start importing Assets/Resources/lips/52.asset using Guid(c6889ac641ba06847b217634bb5cc07e) Importer(815301076,1909f56bfc062723c751e8b465ee728b) [PhysX] Initialized MultithreadedTaskDispatcher with 8 workers.
 -> (artifact id: 'd6edfde10cb230a67c4027a2d5577b19') in 0.021737 seconds
Number of updated asset objects reloaded before import = 0
Number of asset objects unloaded after import = 3
========================================================================
Received Import Request.
  Time since last request: 0.000019 seconds.
  path: Assets/Resources/lips/53.asset
  artifactKey: Guid(1b86e58ce035f2d4a80755e5a6e85f0c) Importer(815301076,1909f56bfc062723c751e8b465ee728b)
Start importing Assets/Resources/lips/53.asset using Guid(1b86e58ce035f2d4a80755e5a6e85f0c) Importer(815301076,1909f56bfc062723c751e8b465ee728b) [PhysX] Initialized MultithreadedTaskDispatcher with 8 workers.
 -> (artifact id: '30ac4822c896971c117924a7e0fc4258') in 0.020884 seconds
Number of updated asset objects reloaded before import = 0
Number of asset objects unloaded after import = 3
========================================================================
Received Import Request.
  Time since last request: 0.000028 seconds.
  path: Assets/Resources/lips/53.png
  artifactKey: Guid(e4418ebe6f8f61a40998c365e433ff3c) Importer(815301076,1909f56bfc062723c751e8b465ee728b)
Start importing Assets/Resources/lips/53.png using Guid(e4418ebe6f8f61a40998c365e433ff3c) Importer(815301076,1909f56bfc062723c751e8b465ee728b) [PhysX] Initialized MultithreadedTaskDispatcher with 8 workers.
[PhysX] Initialized MultithreadedTaskDispatcher with 8 workers.
 -> (artifact id: 'efd35dace271d816c6478b03a7d20cd8') in 0.023701 seconds
Number of updated asset objects reloaded before import = 0
Number of asset objects unloaded after import = 3
========================================================================
Received Import Request.
  Time since last request: 0.000021 seconds.
  path: Assets/Resources/lips/52.png
  artifactKey: Guid(2e1afbf088c01ef4aac7b049402412f1) Importer(815301076,1909f56bfc062723c751e8b465ee728b)
Start importing Assets/Resources/lips/52.png using Guid(2e1afbf088c01ef4aac7b049402412f1) Importer(815301076,1909f56bfc062723c751e8b465ee728b) [PhysX] Initialized MultithreadedTaskDispatcher with 8 workers.
[PhysX] Initialized MultithreadedTaskDispatcher with 8 workers.
 -> (artifact id: '7d087b68ff7d46e8ac020cb3e10acd48') in 0.029829 seconds
Number of updated asset objects reloaded before import = 0
Number of asset objects unloaded after import = 3
========================================================================
Received Import Request.
  Time since last request: 0.000079 seconds.
  path: Assets/Resources/lips/51.png
  artifactKey: Guid(5b159881f4cd15e46a3a3a75548fd2e4) Importer(815301076,1909f56bfc062723c751e8b465ee728b)
Start importing Assets/Resources/lips/51.png using Guid(5b159881f4cd15e46a3a3a75548fd2e4) Importer(815301076,1909f56bfc062723c751e8b465ee728b) [PhysX] Initialized MultithreadedTaskDispatcher with 8 workers.
[PhysX] Initialized MultithreadedTaskDispatcher with 8 workers.
 -> (artifact id: '3a7bbe2ba25266236eaa975c4da8711f') in 0.033152 seconds
Number of updated asset objects reloaded before import = 0
Number of asset objects unloaded after import = 3
========================================================================
Received Import Request.
  Time since last request: 0.715319 seconds.
  path: Assets/Resources/lips/44.asset
  artifactKey: Guid(cd49eae79cc1f2947855064563042ca3) Importer(815301076,1909f56bfc062723c751e8b465ee728b)
Start importing Assets/Resources/lips/44.asset using Guid(cd49eae79cc1f2947855064563042ca3) Importer(815301076,1909f56bfc062723c751e8b465ee728b) [PhysX] Initialized MultithreadedTaskDispatcher with 8 workers.
 -> (artifact id: '1aed54f3bb06bc88a9e1460699509e30') in 0.020279 seconds
Number of updated asset objects reloaded before import = 0
Number of asset objects unloaded after import = 3
========================================================================
Received Import Request.
  Time since last request: 0.000051 seconds.
  path: Assets/Resources/lips/46.png
  artifactKey: Guid(1616e4c437eb0c945af571adc04b9087) Importer(815301076,1909f56bfc062723c751e8b465ee728b)
Start importing Assets/Resources/lips/46.png using Guid(1616e4c437eb0c945af571adc04b9087) Importer(815301076,1909f56bfc062723c751e8b465ee728b) [PhysX] Initialized MultithreadedTaskDispatcher with 8 workers.
[PhysX] Initialized MultithreadedTaskDispatcher with 8 workers.
 -> (artifact id: '358c4991a59a74350dfed74828ae7ad0') in 0.026444 seconds
Number of updated asset objects reloaded before import = 0
Number of asset objects unloaded after import = 3
========================================================================
Received Import Request.
  Time since last request: 0.000106 seconds.
  path: Assets/Resources/lips/45.asset
  artifactKey: Guid(0ee70ac068d97894a96576ab86876167) Importer(815301076,1909f56bfc062723c751e8b465ee728b)
Start importing Assets/Resources/lips/45.asset using Guid(0ee70ac068d97894a96576ab86876167) Importer(815301076,1909f56bfc062723c751e8b465ee728b) [PhysX] Initialized MultithreadedTaskDispatcher with 8 workers.
 -> (artifact id: '040cb47ebb78ad7551aa3f8ccfd7c7e3') in 0.018758 seconds
Number of updated asset objects reloaded before import = 0
Number of asset objects unloaded after import = 3
========================================================================
Received Import Request.
  Time since last request: 0.000029 seconds.
  path: Assets/Resources/lips/41.asset
  artifactKey: Guid(f1f8ad062f795e2498c75c3e1299622c) Importer(815301076,1909f56bfc062723c751e8b465ee728b)
Start importing Assets/Resources/lips/41.asset using Guid(f1f8ad062f795e2498c75c3e1299622c) Importer(815301076,1909f56bfc062723c751e8b465ee728b) [PhysX] Initialized MultithreadedTaskDispatcher with 8 workers.
 -> (artifact id: 'ff8a9c86e7e0b3e4fe060170b8e25448') in 0.024121 seconds
Number of updated asset objects reloaded before import = 0
Number of asset objects unloaded after import = 3
========================================================================
Received Import Request.
  Time since last request: 0.000018 seconds.
  path: Assets/Resources/lips/24.png
  artifactKey: Guid(e94a31ef6ee0dda44bb1d1f221472cf9) Importer(815301076,1909f56bfc062723c751e8b465ee728b)
Start importing Assets/Resources/lips/24.png using Guid(e94a31ef6ee0dda44bb1d1f221472cf9) Importer(815301076,1909f56bfc062723c751e8b465ee728b) [PhysX] Initialized MultithreadedTaskDispatcher with 8 workers.
[PhysX] Initialized MultithreadedTaskDispatcher with 8 workers.
 -> (artifact id: 'e7524b5e059ec8d43debf05119067e81') in 0.022227 seconds
Number of updated asset objects reloaded before import = 0
Number of asset objects unloaded after import = 3
========================================================================
Received Import Request.
  Time since last request: 0.000020 seconds.
  path: Assets/Resources/lips/42.asset
  artifactKey: Guid(593e02414d43bdd42944806771aed45d) Importer(815301076,1909f56bfc062723c751e8b465ee728b)
Start importing Assets/Resources/lips/42.asset using Guid(593e02414d43bdd42944806771aed45d) Importer(815301076,1909f56bfc062723c751e8b465ee728b) [PhysX] Initialized MultithreadedTaskDispatcher with 8 workers.
 -> (artifact id: '50bcbce9d7dc2eb95893ef71bf97d2a4') in 0.019480 seconds
Number of updated asset objects reloaded before import = 0
Number of asset objects unloaded after import = 3
========================================================================
Received Import Request.
  Time since last request: 0.000020 seconds.
  path: Assets/Resources/lips/28.png
  artifactKey: Guid(b7d436b9f81694c45a6922540ed1e72c) Importer(815301076,1909f56bfc062723c751e8b465ee728b)
Start importing Assets/Resources/lips/28.png using Guid(b7d436b9f81694c45a6922540ed1e72c) Importer(815301076,1909f56bfc062723c751e8b465ee728b) [PhysX] Initialized MultithreadedTaskDispatcher with 8 workers.
[PhysX] Initialized MultithreadedTaskDispatcher with 8 workers.
 -> (artifact id: '7bac9629ab7a39027265217d5cb6425a') in 0.028793 seconds
Number of updated asset objects reloaded before import = 0
Number of asset objects unloaded after import = 3
========================================================================
Received Import Request.
  Time since last request: 0.000032 seconds.
  path: Assets/Resources/lips/22.asset
  artifactKey: Guid(b38d6a28c2a79814f9e9d0b2cbc1ef7c) Importer(815301076,1909f56bfc062723c751e8b465ee728b)
Start importing Assets/Resources/lips/22.asset using Guid(b38d6a28c2a79814f9e9d0b2cbc1ef7c) Importer(815301076,1909f56bfc062723c751e8b465ee728b) [PhysX] Initialized MultithreadedTaskDispatcher with 8 workers.
 -> (artifact id: '948dde1dbda09f8018aad02d61e7183f') in 0.019956 seconds
Number of updated asset objects reloaded before import = 0
Number of asset objects unloaded after import = 3
========================================================================
Received Import Request.
  Time since last request: 0.000039 seconds.
  path: Assets/Resources/lips/21.asset
  artifactKey: Guid(cdc3cf12a0f61cf43b57fb6764d8108c) Importer(815301076,1909f56bfc062723c751e8b465ee728b)
Start importing Assets/Resources/lips/21.asset using Guid(cdc3cf12a0f61cf43b57fb6764d8108c) Importer(815301076,1909f56bfc062723c751e8b465ee728b) [PhysX] Initialized MultithreadedTaskDispatcher with 8 workers.
 -> (artifact id: '07dc9ef06baae0a322de8cd4c4fd1a08') in 0.022445 seconds
Number of updated asset objects reloaded before import = 0
Number of asset objects unloaded after import = 3
========================================================================
Received Import Request.
  Time since last request: 0.000026 seconds.
  path: Assets/Resources/lips/37.asset
  artifactKey: Guid(586b679f9dc697341ba3d1e9f6f3c4da) Importer(815301076,1909f56bfc062723c751e8b465ee728b)
Start importing Assets/Resources/lips/37.asset using Guid(586b679f9dc697341ba3d1e9f6f3c4da) Importer(815301076,1909f56bfc062723c751e8b465ee728b) [PhysX] Initialized MultithreadedTaskDispatcher with 8 workers.
 -> (artifact id: 'e7b552a176c5aae4536c4f0d0b2c5e4c') in 0.026257 seconds
Number of updated asset objects reloaded before import = 0
Number of asset objects unloaded after import = 3
========================================================================
Received Import Request.
  Time since last request: 0.000026 seconds.
  path: Assets/Resources/lips/34.asset
  artifactKey: Guid(d9a67f1925c4efb4d93fba76cb823d3d) Importer(815301076,1909f56bfc062723c751e8b465ee728b)
Start importing Assets/Resources/lips/34.asset using Guid(d9a67f1925c4efb4d93fba76cb823d3d) Importer(815301076,1909f56bfc062723c751e8b465ee728b) [PhysX] Initialized MultithreadedTaskDispatcher with 8 workers.
 -> (artifact id: 'a825fe71b499edd937509b9c6c31ef90') in 0.026987 seconds
Number of updated asset objects reloaded before import = 0
Number of asset objects unloaded after import = 3
========================================================================
Received Import Request.
  Time since last request: 0.000021 seconds.
  path: Assets/Resources/lips/25.asset
  artifactKey: Guid(ffac7639b2daef74bbc4cc486db637e6) Importer(815301076,1909f56bfc062723c751e8b465ee728b)
Start importing Assets/Resources/lips/25.asset using Guid(ffac7639b2daef74bbc4cc486db637e6) Importer(815301076,1909f56bfc062723c751e8b465ee728b) [PhysX] Initialized MultithreadedTaskDispatcher with 8 workers.
 -> (artifact id: '9805e499ed1ee5419451761f2053289b') in 0.026503 seconds
Number of updated asset objects reloaded before import = 0
Number of asset objects unloaded after import = 3
========================================================================
Received Import Request.
  Time since last request: 0.000025 seconds.
  path: Assets/Resources/lips/36.asset
  artifactKey: Guid(d3ee217e0f1c72a459974daa8b1a4579) Importer(815301076,1909f56bfc062723c751e8b465ee728b)
Start importing Assets/Resources/lips/36.asset using Guid(d3ee217e0f1c72a459974daa8b1a4579) Importer(815301076,1909f56bfc062723c751e8b465ee728b) [PhysX] Initialized MultithreadedTaskDispatcher with 8 workers.
 -> (artifact id: '766454ba9c9e70d3d9c0027686942434') in 0.021011 seconds
Number of updated asset objects reloaded before import = 0
Number of asset objects unloaded after import = 3
========================================================================
Received Import Request.
  Time since last request: 0.000020 seconds.
  path: Assets/Resources/lips/35.asset
  artifactKey: Guid(5eead541ef3bfdb48a9533f890ab4f99) Importer(815301076,1909f56bfc062723c751e8b465ee728b)
Start importing Assets/Resources/lips/35.asset using Guid(5eead541ef3bfdb48a9533f890ab4f99) Importer(815301076,1909f56bfc062723c751e8b465ee728b) [PhysX] Initialized MultithreadedTaskDispatcher with 8 workers.
 -> (artifact id: '0093d81ace24b28436a20bc442b81d47') in 0.025795 seconds
Number of updated asset objects reloaded before import = 0
Number of asset objects unloaded after import = 3
========================================================================
Received Import Request.
  Time since last request: 0.000030 seconds.
  path: Assets/Resources/lips/42.png
  artifactKey: Guid(2d2c59da13ea0d9419a8bb1ed033e5c1) Importer(815301076,1909f56bfc062723c751e8b465ee728b)
Start importing Assets/Resources/lips/42.png using Guid(2d2c59da13ea0d9419a8bb1ed033e5c1) Importer(815301076,1909f56bfc062723c751e8b465ee728b) [PhysX] Initialized MultithreadedTaskDispatcher with 8 workers.
[PhysX] Initialized MultithreadedTaskDispatcher with 8 workers.
 -> (artifact id: '0cd010b2b2bb9601c001517dc7dfd484') in 0.034440 seconds
Number of updated asset objects reloaded before import = 0
Number of asset objects unloaded after import = 3
========================================================================
Received Import Request.
  Time since last request: 0.000023 seconds.
  path: Assets/Resources/lips/35.png
  artifactKey: Guid(ad0ac1aa6f50a8a48a3d00efd3bb0137) Importer(815301076,1909f56bfc062723c751e8b465ee728b)
Start importing Assets/Resources/lips/35.png using Guid(ad0ac1aa6f50a8a48a3d00efd3bb0137) Importer(815301076,1909f56bfc062723c751e8b465ee728b) [PhysX] Initialized MultithreadedTaskDispatcher with 8 workers.
[PhysX] Initialized MultithreadedTaskDispatcher with 8 workers.
 -> (artifact id: '6259842f18b434b9175910b721084dea') in 0.034879 seconds
Number of updated asset objects reloaded before import = 0
Number of asset objects unloaded after import = 3
========================================================================
Received Import Request.
  Time since last request: 0.000026 seconds.
  path: Assets/Resources/lips/39.asset
  artifactKey: Guid(d181ccd6cbe9aeb4793b1371c9b1189e) Importer(815301076,1909f56bfc062723c751e8b465ee728b)
Start importing Assets/Resources/lips/39.asset using Guid(d181ccd6cbe9aeb4793b1371c9b1189e) Importer(815301076,1909f56bfc062723c751e8b465ee728b) [PhysX] Initialized MultithreadedTaskDispatcher with 8 workers.
 -> (artifact id: 'b54f3c6813cc9f2ac7df426ce695c0f9') in 0.029474 seconds
Number of updated asset objects reloaded before import = 0
Number of asset objects unloaded after import = 3
========================================================================
Received Import Request.
  Time since last request: 0.000039 seconds.
  path: Assets/Resources/lips/23.png
  artifactKey: Guid(a9abfed81fb48f845abcd9e76f489660) Importer(815301076,1909f56bfc062723c751e8b465ee728b)
Start importing Assets/Resources/lips/23.png using Guid(a9abfed81fb48f845abcd9e76f489660) Importer(815301076,1909f56bfc062723c751e8b465ee728b) [PhysX] Initialized MultithreadedTaskDispatcher with 8 workers.
[PhysX] Initialized MultithreadedTaskDispatcher with 8 workers.
 -> (artifact id: '355d35fc311d5e1f3f418415316a99c7') in 0.023868 seconds
Number of updated asset objects reloaded before import = 0
Number of asset objects unloaded after import = 3
========================================================================
Received Import Request.
  Time since last request: 0.000021 seconds.
  path: Assets/Resources/lips/11.asset
  artifactKey: Guid(074e46a5c7a19d54dbe164dcbb3fdeba) Importer(815301076,1909f56bfc062723c751e8b465ee728b)
Start importing Assets/Resources/lips/11.asset using Guid(074e46a5c7a19d54dbe164dcbb3fdeba) Importer(815301076,1909f56bfc062723c751e8b465ee728b) [PhysX] Initialized MultithreadedTaskDispatcher with 8 workers.
 -> (artifact id: 'fc70272d271094cd8540854c1dce30d2') in 0.021194 seconds
Number of updated asset objects reloaded before import = 0
Number of asset objects unloaded after import = 3
========================================================================
Received Import Request.
  Time since last request: 0.000027 seconds.
  path: Assets/Resources/lips/6.png
  artifactKey: Guid(13dbcece01c521e488bf46fecabdbe5d) Importer(815301076,1909f56bfc062723c751e8b465ee728b)
Start importing Assets/Resources/lips/6.png using Guid(13dbcece01c521e488bf46fecabdbe5d) Importer(815301076,1909f56bfc062723c751e8b465ee728b) [PhysX] Initialized MultithreadedTaskDispatcher with 8 workers.
[PhysX] Initialized MultithreadedTaskDispatcher with 8 workers.
 -> (artifact id: '18f209bb928a6588e626dc2a7093c7a2') in 0.023509 seconds
Number of updated asset objects reloaded before import = 0
Number of asset objects unloaded after import = 3
========================================================================
Received Import Request.
  Time since last request: 0.000023 seconds.
  path: Assets/Resources/lips/9.png
  artifactKey: Guid(e54c6601dcb740240ac61d268fc90764) Importer(815301076,1909f56bfc062723c751e8b465ee728b)
Start importing Assets/Resources/lips/9.png using Guid(e54c6601dcb740240ac61d268fc90764) Importer(815301076,1909f56bfc062723c751e8b465ee728b) [PhysX] Initialized MultithreadedTaskDispatcher with 8 workers.
[PhysX] Initialized MultithreadedTaskDispatcher with 8 workers.
 -> (artifact id: 'e674458a994333641d5a124f864c3c68') in 0.032636 seconds
Number of updated asset objects reloaded before import = 0
Number of asset objects unloaded after import = 3
========================================================================
Received Import Request.
  Time since last request: 0.000019 seconds.
  path: Assets/Resources/lips/10.png
  artifactKey: Guid(b7100bc7feaea1a46a52efd15c8b8945) Importer(815301076,1909f56bfc062723c751e8b465ee728b)
Start importing Assets/Resources/lips/10.png using Guid(b7100bc7feaea1a46a52efd15c8b8945) Importer(815301076,1909f56bfc062723c751e8b465ee728b) [PhysX] Initialized MultithreadedTaskDispatcher with 8 workers.
[PhysX] Initialized MultithreadedTaskDispatcher with 8 workers.
 -> (artifact id: 'a900911e9884f4fa7685c18136a255e9') in 0.028042 seconds
Number of updated asset objects reloaded before import = 0
Number of asset objects unloaded after import = 3
========================================================================
Received Import Request.
  Time since last request: 0.000021 seconds.
  path: Assets/Resources/lips/17.png
  artifactKey: Guid(d0086af8742087b40a0c879c9a4e3a6a) Importer(815301076,1909f56bfc062723c751e8b465ee728b)
Start importing Assets/Resources/lips/17.png using Guid(d0086af8742087b40a0c879c9a4e3a6a) Importer(815301076,1909f56bfc062723c751e8b465ee728b) [PhysX] Initialized MultithreadedTaskDispatcher with 8 workers.
[PhysX] Initialized MultithreadedTaskDispatcher with 8 workers.
 -> (artifact id: '75ac24aaf4d36d5fc47a67918cd36eb4') in 0.025843 seconds
Number of updated asset objects reloaded before import = 0
Number of asset objects unloaded after import = 3
========================================================================
Received Import Request.
  Time since last request: 0.000023 seconds.
  path: Assets/Resources/lips/29.asset
  artifactKey: Guid(7b008b1e91a31bc459bd6942e8bfa547) Importer(815301076,1909f56bfc062723c751e8b465ee728b)
Start importing Assets/Resources/lips/29.asset using Guid(7b008b1e91a31bc459bd6942e8bfa547) Importer(815301076,1909f56bfc062723c751e8b465ee728b) [PhysX] Initialized MultithreadedTaskDispatcher with 8 workers.
 -> (artifact id: '5cdc90f93b81f884825e5521db0b2e30') in 0.018245 seconds
Number of updated asset objects reloaded before import = 0
Number of asset objects unloaded after import = 3
========================================================================
Received Import Request.
  Time since last request: 0.000028 seconds.
  path: Assets/Resources/lips/20.asset
  artifactKey: Guid(a40dc15afae18dd4d9c53fc53aad9734) Importer(815301076,1909f56bfc062723c751e8b465ee728b)
Start importing Assets/Resources/lips/20.asset using Guid(a40dc15afae18dd4d9c53fc53aad9734) Importer(815301076,1909f56bfc062723c751e8b465ee728b) [PhysX] Initialized MultithreadedTaskDispatcher with 8 workers.
 -> (artifact id: '7d5f2171236e69b994c5a73380bca3f5') in 0.021018 seconds
Number of updated asset objects reloaded before import = 0
Number of asset objects unloaded after import = 3
========================================================================
Received Import Request.
  Time since last request: 0.000025 seconds.
  path: Assets/Resources/lips/19.asset
  artifactKey: Guid(931309b17093255469dbc8ee40e9d797) Importer(815301076,1909f56bfc062723c751e8b465ee728b)
Start importing Assets/Resources/lips/19.asset using Guid(931309b17093255469dbc8ee40e9d797) Importer(815301076,1909f56bfc062723c751e8b465ee728b) [PhysX] Initialized MultithreadedTaskDispatcher with 8 workers.
 -> (artifact id: 'd9b957243c92c19edf9fb770e81668b5') in 0.022579 seconds
Number of updated asset objects reloaded before import = 0
Number of asset objects unloaded after import = 3
========================================================================
Received Import Request.
  Time since last request: 0.000045 seconds.
  path: Assets/Resources/lips/16.png
  artifactKey: Guid(96556859dccdcf64dbf820c21f5ab055) Importer(815301076,1909f56bfc062723c751e8b465ee728b)
Start importing Assets/Resources/lips/16.png using Guid(96556859dccdcf64dbf820c21f5ab055) Importer(815301076,1909f56bfc062723c751e8b465ee728b) [PhysX] Initialized MultithreadedTaskDispatcher with 8 workers.
[PhysX] Initialized MultithreadedTaskDispatcher with 8 workers.
 -> (artifact id: '7bdd2b52098db7046cd076c0bc6496cd') in 0.025230 seconds
Number of updated asset objects reloaded before import = 0
Number of asset objects unloaded after import = 3
========================================================================
Received Import Request.
  Time since last request: 0.000017 seconds.
  path: Assets/Resources/lips/40.asset
  artifactKey: Guid(46ddbfa999b7e2243a7e6da5a4ecf017) Importer(815301076,1909f56bfc062723c751e8b465ee728b)
Start importing Assets/Resources/lips/40.asset using Guid(46ddbfa999b7e2243a7e6da5a4ecf017) Importer(815301076,1909f56bfc062723c751e8b465ee728b) [PhysX] Initialized MultithreadedTaskDispatcher with 8 workers.
 -> (artifact id: 'c926910e92d00b79e664e0de98eec100') in 0.018770 seconds
Number of updated asset objects reloaded before import = 0
Number of asset objects unloaded after import = 3
========================================================================
Received Import Request.
  Time since last request: 0.000026 seconds.
  path: Assets/Resources/lips/38.png
  artifactKey: Guid(d790f5475f11a5948b3ed965c99ef38c) Importer(815301076,1909f56bfc062723c751e8b465ee728b)
Start importing Assets/Resources/lips/38.png using Guid(d790f5475f11a5948b3ed965c99ef38c) Importer(815301076,1909f56bfc062723c751e8b465ee728b) [PhysX] Initialized MultithreadedTaskDispatcher with 8 workers.
[PhysX] Initialized MultithreadedTaskDispatcher with 8 workers.
 -> (artifact id: 'dda19c27ff448f63ac1b14eb0e2e6e69') in 0.025518 seconds
Number of updated asset objects reloaded before import = 0
Number of asset objects unloaded after import = 3
========================================================================
Received Import Request.
  Time since last request: 0.000018 seconds.
  path: Assets/Resources/lips/39.png
  artifactKey: Guid(2dc93d8a6a71b864088f9a51d6988a51) Importer(815301076,1909f56bfc062723c751e8b465ee728b)
Start importing Assets/Resources/lips/39.png using Guid(2dc93d8a6a71b864088f9a51d6988a51) Importer(815301076,1909f56bfc062723c751e8b465ee728b) [PhysX] Initialized MultithreadedTaskDispatcher with 8 workers.
[PhysX] Initialized MultithreadedTaskDispatcher with 8 workers.
 -> (artifact id: '6a57fd6808905df1b728b33772b8c73f') in 0.028862 seconds
Number of updated asset objects reloaded before import = 0
Number of asset objects unloaded after import = 3
========================================================================
Received Import Request.
  Time since last request: 0.000024 seconds.
  path: Assets/Resources/lips/27.png
  artifactKey: Guid(b64eceb9da6fa8e4584131a74469ee16) Importer(815301076,1909f56bfc062723c751e8b465ee728b)
Start importing Assets/Resources/lips/27.png using Guid(b64eceb9da6fa8e4584131a74469ee16) Importer(815301076,1909f56bfc062723c751e8b465ee728b) [PhysX] Initialized MultithreadedTaskDispatcher with 8 workers.
[PhysX] Initialized MultithreadedTaskDispatcher with 8 workers.
 -> (artifact id: '15af40ad7c9f5fd22898d19088078e03') in 0.033338 seconds
Number of updated asset objects reloaded before import = 0
Number of asset objects unloaded after import = 3
========================================================================
Received Import Request.
  Time since last request: 0.000024 seconds.
  path: Assets/Resources/lips/1.png
  artifactKey: Guid(2be30cc8718a814488fad614c607c08b) Importer(815301076,1909f56bfc062723c751e8b465ee728b)
Start importing Assets/Resources/lips/1.png using Guid(2be30cc8718a814488fad614c607c08b) Importer(815301076,1909f56bfc062723c751e8b465ee728b) [PhysX] Initialized MultithreadedTaskDispatcher with 8 workers.
[PhysX] Initialized MultithreadedTaskDispatcher with 8 workers.
 -> (artifact id: 'eac844afe22c017159dd7498efc2bd83') in 0.031623 seconds
Number of updated asset objects reloaded before import = 0
Number of asset objects unloaded after import = 3
========================================================================
Received Import Request.
  Time since last request: 0.000023 seconds.
  path: Assets/Resources/lips/3.png
  artifactKey: Guid(b807c57943ac66047820b84fadfdf875) Importer(815301076,1909f56bfc062723c751e8b465ee728b)
Start importing Assets/Resources/lips/3.png using Guid(b807c57943ac66047820b84fadfdf875) Importer(815301076,1909f56bfc062723c751e8b465ee728b) [PhysX] Initialized MultithreadedTaskDispatcher with 8 workers.
[PhysX] Initialized MultithreadedTaskDispatcher with 8 workers.
 -> (artifact id: 'a7b43b5e8f484a64ab17ebf097070844') in 0.025968 seconds
Number of updated asset objects reloaded before import = 0
Number of asset objects unloaded after import = 3
========================================================================
Received Import Request.
  Time since last request: 0.000024 seconds.
  path: Assets/Resources/lips/5.asset
  artifactKey: Guid(26713bbc3e61b9e428dbd48014dc3191) Importer(815301076,1909f56bfc062723c751e8b465ee728b)
Start importing Assets/Resources/lips/5.asset using Guid(26713bbc3e61b9e428dbd48014dc3191) Importer(815301076,1909f56bfc062723c751e8b465ee728b) [PhysX] Initialized MultithreadedTaskDispatcher with 8 workers.
 -> (artifact id: '64d37907d3135af52390c9e219e7d712') in 0.020410 seconds
Number of updated asset objects reloaded before import = 0
Number of asset objects unloaded after import = 3
========================================================================
Received Import Request.
  Time since last request: 0.000030 seconds.
  path: Assets/Resources/lips/2.png
  artifactKey: Guid(9f85b8ef30369f342ba034ab6ae3f94a) Importer(815301076,1909f56bfc062723c751e8b465ee728b)
Start importing Assets/Resources/lips/2.png using Guid(9f85b8ef30369f342ba034ab6ae3f94a) Importer(815301076,1909f56bfc062723c751e8b465ee728b) [PhysX] Initialized MultithreadedTaskDispatcher with 8 workers.
[PhysX] Initialized MultithreadedTaskDispatcher with 8 workers.
 -> (artifact id: '845045332a08b8f2aefe027d6ea7cf42') in 0.026860 seconds
Number of updated asset objects reloaded before import = 0
Number of asset objects unloaded after import = 3
========================================================================
Received Import Request.
  Time since last request: 0.000134 seconds.
  path: Assets/Resources/lips/32.png
  artifactKey: Guid(84284b7be81139944a7608db05022c19) Importer(815301076,1909f56bfc062723c751e8b465ee728b)
Start importing Assets/Resources/lips/32.png using Guid(84284b7be81139944a7608db05022c19) Importer(815301076,1909f56bfc062723c751e8b465ee728b) [PhysX] Initialized MultithreadedTaskDispatcher with 8 workers.
[PhysX] Initialized MultithreadedTaskDispatcher with 8 workers.
 -> (artifact id: '4edfba69a2f78f066461981700e40e49') in 0.027155 seconds
Number of updated asset objects reloaded before import = 0
Number of asset objects unloaded after import = 3
========================================================================
Received Import Request.
  Time since last request: 0.000183 seconds.
  path: Assets/Resources/lips/34.png
  artifactKey: Guid(4bef76a01b6940a4f9206969d2bf8428) Importer(815301076,1909f56bfc062723c751e8b465ee728b)
Start importing Assets/Resources/lips/34.png using Guid(4bef76a01b6940a4f9206969d2bf8428) Importer(815301076,1909f56bfc062723c751e8b465ee728b) [PhysX] Initialized MultithreadedTaskDispatcher with 8 workers.
[PhysX] Initialized MultithreadedTaskDispatcher with 8 workers.
 -> (artifact id: '5b983ddd986330a844631854233ce411') in 0.028930 seconds
Number of updated asset objects reloaded before import = 0
Number of asset objects unloaded after import = 3
========================================================================
Received Import Request.
  Time since last request: 0.000027 seconds.
  path: Assets/Resources/lips/18.asset
  artifactKey: Guid(26aa00bc7886210488415356e67413c8) Importer(815301076,1909f56bfc062723c751e8b465ee728b)
Start importing Assets/Resources/lips/18.asset using Guid(26aa00bc7886210488415356e67413c8) Importer(815301076,1909f56bfc062723c751e8b465ee728b) [PhysX] Initialized MultithreadedTaskDispatcher with 8 workers.
 -> (artifact id: '61169e4b11c6b8bf7393e8cef66cdb84') in 0.024716 seconds
Number of updated asset objects reloaded before import = 0
Number of asset objects unloaded after import = 3
========================================================================
Received Import Request.
  Time since last request: 0.000024 seconds.
  path: Assets/Resources/lips/11.png
  artifactKey: Guid(80b7789bc529be0498d2cf9dbfa68763) Importer(815301076,1909f56bfc062723c751e8b465ee728b)
Start importing Assets/Resources/lips/11.png using Guid(80b7789bc529be0498d2cf9dbfa68763) Importer(815301076,1909f56bfc062723c751e8b465ee728b) [PhysX] Initialized MultithreadedTaskDispatcher with 8 workers.
[PhysX] Initialized MultithreadedTaskDispatcher with 8 workers.
 -> (artifact id: '63ccba923d154298c5801a7057b15b90') in 0.028413 seconds
Number of updated asset objects reloaded before import = 0
Number of asset objects unloaded after import = 3
========================================================================
Received Import Request.
  Time since last request: 0.000036 seconds.
  path: Assets/Resources/lips/15.asset
  artifactKey: Guid(dd016153c7ec1c245ba42558da2214f7) Importer(815301076,1909f56bfc062723c751e8b465ee728b)
Start importing Assets/Resources/lips/15.asset using Guid(dd016153c7ec1c245ba42558da2214f7) Importer(815301076,1909f56bfc062723c751e8b465ee728b) [PhysX] Initialized MultithreadedTaskDispatcher with 8 workers.
 -> (artifact id: '6b176b7939337eda6e9db5a8b426fd43') in 0.023356 seconds
Number of updated asset objects reloaded before import = 0
Number of asset objects unloaded after import = 3
========================================================================
Received Import Request.
  Time since last request: 0.000041 seconds.
  path: Assets/Resources/lips/46.asset
  artifactKey: Guid(126e8602011505f46aafcb885f06e7a0) Importer(815301076,1909f56bfc062723c751e8b465ee728b)
Start importing Assets/Resources/lips/46.asset using Guid(126e8602011505f46aafcb885f06e7a0) Importer(815301076,1909f56bfc062723c751e8b465ee728b) [PhysX] Initialized MultithreadedTaskDispatcher with 8 workers.
 -> (artifact id: '0e6151bef0c30a18786e11b17535dbe8') in 0.021382 seconds
Number of updated asset objects reloaded before import = 0
Number of asset objects unloaded after import = 3
========================================================================
Received Import Request.
  Time since last request: 0.000017 seconds.
  path: Assets/Resources/lips/23.asset
  artifactKey: Guid(82f02d5915ca82d4795f1dd5a1187b5a) Importer(815301076,1909f56bfc062723c751e8b465ee728b)
Start importing Assets/Resources/lips/23.asset using Guid(82f02d5915ca82d4795f1dd5a1187b5a) Importer(815301076,1909f56bfc062723c751e8b465ee728b) [PhysX] Initialized MultithreadedTaskDispatcher with 8 workers.
 -> (artifact id: '98892ad690ba26f60ab13a17c23c1a35') in 0.022338 seconds
Number of updated asset objects reloaded before import = 0
Number of asset objects unloaded after import = 3
========================================================================
Received Import Request.
  Time since last request: 0.000024 seconds.
  path: Assets/Resources/lips/41.png
  artifactKey: Guid(b089cb9d62560684a874588f4e77605e) Importer(815301076,1909f56bfc062723c751e8b465ee728b)
Start importing Assets/Resources/lips/41.png using Guid(b089cb9d62560684a874588f4e77605e) Importer(815301076,1909f56bfc062723c751e8b465ee728b) [PhysX] Initialized MultithreadedTaskDispatcher with 8 workers.
[PhysX] Initialized MultithreadedTaskDispatcher with 8 workers.
 -> (artifact id: '7d57ccf5893a56e8d06264e11b8658dd') in 0.029059 seconds
Number of updated asset objects reloaded before import = 0
Number of asset objects unloaded after import = 3
========================================================================
Received Import Request.
  Time since last request: 0.000024 seconds.
  path: Assets/Resources/lips/6.asset
  artifactKey: Guid(0591445d04f6d9c42af17d355671cd5c) Importer(815301076,1909f56bfc062723c751e8b465ee728b)
Start importing Assets/Resources/lips/6.asset using Guid(0591445d04f6d9c42af17d355671cd5c) Importer(815301076,1909f56bfc062723c751e8b465ee728b) [PhysX] Initialized MultithreadedTaskDispatcher with 8 workers.
 -> (artifact id: '843db54d2385abfb5150dad2454275a9') in 0.023339 seconds
Number of updated asset objects reloaded before import = 0
Number of asset objects unloaded after import = 3
========================================================================
Received Import Request.
  Time since last request: 0.000039 seconds.
  path: Assets/Resources/lips/49.asset
  artifactKey: Guid(4826323d5520663409a309fba5ca64bf) Importer(815301076,1909f56bfc062723c751e8b465ee728b)
Start importing Assets/Resources/lips/49.asset using Guid(4826323d5520663409a309fba5ca64bf) Importer(815301076,1909f56bfc062723c751e8b465ee728b) [PhysX] Initialized MultithreadedTaskDispatcher with 8 workers.
 -> (artifact id: '8c3d300a47c3fbe3193622c91c026a88') in 0.033796 seconds
Number of updated asset objects reloaded before import = 0
Number of asset objects unloaded after import = 3
========================================================================
Received Import Request.
  Time since last request: 0.000029 seconds.
  path: Assets/Resources/lips/5.png
  artifactKey: Guid(1fd59878e2697484180087ff63e5b712) Importer(815301076,1909f56bfc062723c751e8b465ee728b)
Start importing Assets/Resources/lips/5.png using Guid(1fd59878e2697484180087ff63e5b712) Importer(815301076,1909f56bfc062723c751e8b465ee728b) [PhysX] Initialized MultithreadedTaskDispatcher with 8 workers.
[PhysX] Initialized MultithreadedTaskDispatcher with 8 workers.
 -> (artifact id: '9e7acd9cc791438591ea560896caad5a') in 0.052178 seconds
Number of updated asset objects reloaded before import = 0
Number of asset objects unloaded after import = 3
========================================================================
Received Import Request.
  Time since last request: 0.000023 seconds.
  path: Assets/Resources/lips/9.asset
  artifactKey: Guid(83a5e35af3941bc419a447e7f298ed2f) Importer(815301076,1909f56bfc062723c751e8b465ee728b)
Start importing Assets/Resources/lips/9.asset using Guid(83a5e35af3941bc419a447e7f298ed2f) Importer(815301076,1909f56bfc062723c751e8b465ee728b) [PhysX] Initialized MultithreadedTaskDispatcher with 8 workers.
 -> (artifact id: 'ab7033d63a7643def1eb4d6715fd52e2') in 0.018812 seconds
Number of updated asset objects reloaded before import = 0
Number of asset objects unloaded after import = 3
========================================================================
Received Import Request.
  Time since last request: 0.000089 seconds.
  path: Assets/Resources/lips/22.png
  artifactKey: Guid(5a0efae97ad1059429a4b05e7c8c6c03) Importer(815301076,1909f56bfc062723c751e8b465ee728b)
Start importing Assets/Resources/lips/22.png using Guid(5a0efae97ad1059429a4b05e7c8c6c03) Importer(815301076,1909f56bfc062723c751e8b465ee728b) [PhysX] Initialized MultithreadedTaskDispatcher with 8 workers.
[PhysX] Initialized MultithreadedTaskDispatcher with 8 workers.
 -> (artifact id: '145494bf35eb43585ccb74aa6b5719c5') in 0.028823 seconds
Number of updated asset objects reloaded before import = 0
Number of asset objects unloaded after import = 3
========================================================================
Received Import Request.
  Time since last request: 0.000021 seconds.
  path: Assets/Resources/lips/16.asset
  artifactKey: Guid(4dda302bea796cb46a9373729e9aeb94) Importer(815301076,1909f56bfc062723c751e8b465ee728b)
Start importing Assets/Resources/lips/16.asset using Guid(4dda302bea796cb46a9373729e9aeb94) Importer(815301076,1909f56bfc062723c751e8b465ee728b) [PhysX] Initialized MultithreadedTaskDispatcher with 8 workers.
 -> (artifact id: 'c0e2ccab7d1fc363236dc868209910a3') in 0.020972 seconds
Number of updated asset objects reloaded before import = 0
Number of asset objects unloaded after import = 3
========================================================================
Received Import Request.
  Time since last request: 0.000033 seconds.
  path: Assets/Resources/lips/48.png
  artifactKey: Guid(c5e231b2bc1afb348bb747f70d2a69e2) Importer(815301076,1909f56bfc062723c751e8b465ee728b)
Start importing Assets/Resources/lips/48.png using Guid(c5e231b2bc1afb348bb747f70d2a69e2) Importer(815301076,1909f56bfc062723c751e8b465ee728b) [PhysX] Initialized MultithreadedTaskDispatcher with 8 workers.
[PhysX] Initialized MultithreadedTaskDispatcher with 8 workers.
 -> (artifact id: '2026be880b4a3e67545e43acc1a47a0b') in 0.027005 seconds
Number of updated asset objects reloaded before import = 0
Number of asset objects unloaded after import = 3
========================================================================
Received Import Request.
  Time since last request: 1.221678 seconds.
  path: Assets/Resources/tongue-palate-contact/0.asset
  artifactKey: Guid(32a1f4858ef13b04fa57976210683366) Importer(815301076,1909f56bfc062723c751e8b465ee728b)
Start importing Assets/Resources/tongue-palate-contact/0.asset using Guid(32a1f4858ef13b04fa57976210683366) Importer(815301076,1909f56bfc062723c751e8b465ee728b) [PhysX] Initialized MultithreadedTaskDispatcher with 8 workers.
 -> (artifact id: '093ce62d53b62cc0037800b8c90cd816') in 0.016155 seconds
Number of updated asset objects reloaded before import = 0
Number of asset objects unloaded after import = 3
========================================================================
Received Import Request.
  Time since last request: 0.000018 seconds.
  path: Assets/Resources/tongue-palate-contact/4.asset
  artifactKey: Guid(0b083b6ca85b2f342907bb90076b3863) Importer(815301076,1909f56bfc062723c751e8b465ee728b)
Start importing Assets/Resources/tongue-palate-contact/4.asset using Guid(0b083b6ca85b2f342907bb90076b3863) Importer(815301076,1909f56bfc062723c751e8b465ee728b) [PhysX] Initialized MultithreadedTaskDispatcher with 8 workers.
 -> (artifact id: '563c1bd9628169a480e4db17e13961da') in 0.015966 seconds
Number of updated asset objects reloaded before import = 0
Number of asset objects unloaded after import = 3
========================================================================
Received Import Request.
  Time since last request: 0.000020 seconds.
  path: Assets/Resources/tongue-palate-contact/3.asset
  artifactKey: Guid(435fc84354f16204994621f6d50febcd) Importer(815301076,1909f56bfc062723c751e8b465ee728b)
Start importing Assets/Resources/tongue-palate-contact/3.asset using Guid(435fc84354f16204994621f6d50febcd) Importer(815301076,1909f56bfc062723c751e8b465ee728b) [PhysX] Initialized MultithreadedTaskDispatcher with 8 workers.
 -> (artifact id: '2fbf6ae22b381cc44f8e3916c3c4e04e') in 0.018030 seconds
Number of updated asset objects reloaded before import = 0
Number of asset objects unloaded after import = 3
========================================================================
Received Import Request.
  Time since last request: 0.000019 seconds.
  path: Assets/Resources/tongue-palate-contact/4.png
  artifactKey: Guid(7da8f7030d70b664cbe538f16632110f) Importer(815301076,1909f56bfc062723c751e8b465ee728b)
Start importing Assets/Resources/tongue-palate-contact/4.png using Guid(7da8f7030d70b664cbe538f16632110f) Importer(815301076,1909f56bfc062723c751e8b465ee728b) [PhysX] Initialized MultithreadedTaskDispatcher with 8 workers.
[PhysX] Initialized MultithreadedTaskDispatcher with 8 workers.
 -> (artifact id: '15bc3df4393e0639ea16391371554945') in 0.022451 seconds
Number of updated asset objects reloaded before import = 0
Number of asset objects unloaded after import = 3
========================================================================
Received Import Request.
  Time since last request: 0.000049 seconds.
  path: Assets/Resources/tongue-palate-contact/2.png
  artifactKey: Guid(135718491bf9d47458c724269c6c352c) Importer(815301076,1909f56bfc062723c751e8b465ee728b)
Start importing Assets/Resources/tongue-palate-contact/2.png using Guid(135718491bf9d47458c724269c6c352c) Importer(815301076,1909f56bfc062723c751e8b465ee728b) [PhysX] Initialized MultithreadedTaskDispatcher with 8 workers.
[PhysX] Initialized MultithreadedTaskDispatcher with 8 workers.
 -> (artifact id: 'ec6a59a9e2f92080630ca303cff28749') in 0.023926 seconds
Number of updated asset objects reloaded before import = 0
Number of asset objects unloaded after import = 3
========================================================================
Received Import Request.
  Time since last request: 0.000023 seconds.
  path: Assets/Resources/tongue-palate-contact/7.png
  artifactKey: Guid(955f340a22d51214ba4f54adc1899f8e) Importer(815301076,1909f56bfc062723c751e8b465ee728b)
Start importing Assets/Resources/tongue-palate-contact/7.png using Guid(955f340a22d51214ba4f54adc1899f8e) Importer(815301076,1909f56bfc062723c751e8b465ee728b) [PhysX] Initialized MultithreadedTaskDispatcher with 8 workers.
[PhysX] Initialized MultithreadedTaskDispatcher with 8 workers.
 -> (artifact id: 'a6cc10b9fd0321966f1f991c687373d8') in 0.023936 seconds
Number of updated asset objects reloaded before import = 0
Number of asset objects unloaded after import = 3
========================================================================
Received Import Request.
  Time since last request: 0.000182 seconds.
  path: Assets/Resources/tongue-palate-contact/1.png
  artifactKey: Guid(a9a209934da54894bae428994bd34bb0) Importer(815301076,1909f56bfc062723c751e8b465ee728b)
Start importing Assets/Resources/tongue-palate-contact/1.png using Guid(a9a209934da54894bae428994bd34bb0) Importer(815301076,1909f56bfc062723c751e8b465ee728b) [PhysX] Initialized MultithreadedTaskDispatcher with 8 workers.
[PhysX] Initialized MultithreadedTaskDispatcher with 8 workers.
 -> (artifact id: 'c9a1f2b6bac431369f929ac84c657e1b') in 0.022267 seconds
Number of updated asset objects reloaded before import = 0
Number of asset objects unloaded after import = 3
========================================================================
Received Import Request.
  Time since last request: 0.000052 seconds.
  path: Assets/Resources/tongue-palate-contact/14.asset
  artifactKey: Guid(b9732a3056a55394a9969c0d30bb11b0) Importer(815301076,1909f56bfc062723c751e8b465ee728b)
Start importing Assets/Resources/tongue-palate-contact/14.asset using Guid(b9732a3056a55394a9969c0d30bb11b0) Importer(815301076,1909f56bfc062723c751e8b465ee728b) [PhysX] Initialized MultithreadedTaskDispatcher with 8 workers.
 -> (artifact id: '8fc91458931da492dc2a5b0692032640') in 0.018464 seconds
Number of updated asset objects reloaded before import = 0
Number of asset objects unloaded after import = 3
========================================================================
Received Import Request.
  Time since last request: 0.000019 seconds.
  path: Assets/Resources/tongue-palate-contact/5.asset
  artifactKey: Guid(2435ce4cce5331e40b75ebcfb8e15143) Importer(815301076,1909f56bfc062723c751e8b465ee728b)
Start importing Assets/Resources/tongue-palate-contact/5.asset using Guid(2435ce4cce5331e40b75ebcfb8e15143) Importer(815301076,1909f56bfc062723c751e8b465ee728b) [PhysX] Initialized MultithreadedTaskDispatcher with 8 workers.
 -> (artifact id: '27dead5e1f01590ed70e2a18917a3461') in 0.015991 seconds
Number of updated asset objects reloaded before import = 0
Number of asset objects unloaded after import = 3
========================================================================
Received Import Request.
  Time since last request: 0.000025 seconds.
  path: Assets/Resources/tongue-palate-contact/15.png
  artifactKey: Guid(c3a88b833ce8f6145bb55beee36e36c9) Importer(815301076,1909f56bfc062723c751e8b465ee728b)
Start importing Assets/Resources/tongue-palate-contact/15.png using Guid(c3a88b833ce8f6145bb55beee36e36c9) Importer(815301076,1909f56bfc062723c751e8b465ee728b) [PhysX] Initialized MultithreadedTaskDispatcher with 8 workers.
[PhysX] Initialized MultithreadedTaskDispatcher with 8 workers.
 -> (artifact id: 'be6ee361619491090e28d9a7f618ce82') in 0.024777 seconds
Number of updated asset objects reloaded before import = 0
Number of asset objects unloaded after import = 3
========================================================================
Received Import Request.
  Time since last request: 0.000033 seconds.
  path: Assets/Resources/tongue-palate-contact/5.png
  artifactKey: Guid(48693039e2df39f49ae47d3a0f6e3dc8) Importer(815301076,1909f56bfc062723c751e8b465ee728b)
Start importing Assets/Resources/tongue-palate-contact/5.png using Guid(48693039e2df39f49ae47d3a0f6e3dc8) Importer(815301076,1909f56bfc062723c751e8b465ee728b) [PhysX] Initialized MultithreadedTaskDispatcher with 8 workers.
[PhysX] Initialized MultithreadedTaskDispatcher with 8 workers.
 -> (artifact id: 'cf95e41616220d75d1263bc7cb633e71') in 0.021778 seconds
Number of updated asset objects reloaded before import = 0
Number of asset objects unloaded after import = 3
========================================================================
Received Import Request.
  Time since last request: 0.000060 seconds.
  path: Assets/Resources/tongue-palate-contact/1.asset
  artifactKey: Guid(2533647535bd81f4da559b7e93e4d531) Importer(815301076,1909f56bfc062723c751e8b465ee728b)
Start importing Assets/Resources/tongue-palate-contact/1.asset using Guid(2533647535bd81f4da559b7e93e4d531) Importer(815301076,1909f56bfc062723c751e8b465ee728b) [PhysX] Initialized MultithreadedTaskDispatcher with 8 workers.
 -> (artifact id: '278f418b0a0491c06918700aba5d0a0e') in 0.018430 seconds
Number of updated asset objects reloaded before import = 0
Number of asset objects unloaded after import = 3
========================================================================
Received Import Request.
  Time since last request: 0.000030 seconds.
  path: Assets/Resources/tongue-palate-contact/8.asset
  artifactKey: Guid(a62d16197624ab84fa4a918305a6be75) Importer(815301076,1909f56bfc062723c751e8b465ee728b)
Start importing Assets/Resources/tongue-palate-contact/8.asset using Guid(a62d16197624ab84fa4a918305a6be75) Importer(815301076,1909f56bfc062723c751e8b465ee728b) [PhysX] Initialized MultithreadedTaskDispatcher with 8 workers.
 -> (artifact id: '955e9ee38bed99667439b4c6428a252f') in 0.021214 seconds
Number of updated asset objects reloaded before import = 0
Number of asset objects unloaded after import = 3
========================================================================
Received Import Request.
  Time since last request: 0.000020 seconds.
  path: Assets/Resources/tongue-palate-contact/15.asset
  artifactKey: Guid(3f64d99a7f4140941ba27968b759c0e3) Importer(815301076,1909f56bfc062723c751e8b465ee728b)
Start importing Assets/Resources/tongue-palate-contact/15.asset using Guid(3f64d99a7f4140941ba27968b759c0e3) Importer(815301076,1909f56bfc062723c751e8b465ee728b) [PhysX] Initialized MultithreadedTaskDispatcher with 8 workers.
 -> (artifact id: '6d6048c75fd49851b6fc9e4154b40064') in 0.022216 seconds
Number of updated asset objects reloaded before import = 0
Number of asset objects unloaded after import = 3
========================================================================
Received Import Request.
  Time since last request: 0.000022 seconds.
  path: Assets/Resources/tongue-palate-contact/10.png
  artifactKey: Guid(711e88cf922930149b4620b827ec672e) Importer(815301076,1909f56bfc062723c751e8b465ee728b)
Start importing Assets/Resources/tongue-palate-contact/10.png using Guid(711e88cf922930149b4620b827ec672e) Importer(815301076,1909f56bfc062723c751e8b465ee728b) [PhysX] Initialized MultithreadedTaskDispatcher with 8 workers.
[PhysX] Initialized MultithreadedTaskDispatcher with 8 workers.
 -> (artifact id: '977407d226b362b9d2b12fd7f2fa98fc') in 0.023504 seconds
Number of updated asset objects reloaded before import = 0
Number of asset objects unloaded after import = 3
========================================================================
Received Import Request.
  Time since last request: 0.000024 seconds.
  path: Assets/Resources/tongue-palate-contact/12.asset
  artifactKey: Guid(ed75c5cce5f26334bb062aa8e12de5f7) Importer(815301076,1909f56bfc062723c751e8b465ee728b)
Start importing Assets/Resources/tongue-palate-contact/12.asset using Guid(ed75c5cce5f26334bb062aa8e12de5f7) Importer(815301076,1909f56bfc062723c751e8b465ee728b) [PhysX] Initialized MultithreadedTaskDispatcher with 8 workers.
 -> (artifact id: '4d03b798fc6e6ba89c0d99feaae13f16') in 0.020963 seconds
Number of updated asset objects reloaded before import = 0
Number of asset objects unloaded after import = 3
========================================================================
Received Import Request.
  Time since last request: 0.000032 seconds.
  path: Assets/Resources/tongue-palate-contact/8.png
  artifactKey: Guid(cebba52142feea74ca366bcc40d02fc0) Importer(815301076,1909f56bfc062723c751e8b465ee728b)
Start importing Assets/Resources/tongue-palate-contact/8.png using Guid(cebba52142feea74ca366bcc40d02fc0) Importer(815301076,1909f56bfc062723c751e8b465ee728b) [PhysX] Initialized MultithreadedTaskDispatcher with 8 workers.
[PhysX] Initialized MultithreadedTaskDispatcher with 8 workers.
 -> (artifact id: 'bf740d3a03d4e143f4642cdc95807300') in 0.025462 seconds
Number of updated asset objects reloaded before import = 0
Number of asset objects unloaded after import = 3
========================================================================
Received Import Request.
  Time since last request: 0.000020 seconds.
  path: Assets/Resources/tongue-palate-contact/2.asset
  artifactKey: Guid(98abc110d6654194c846808d582bee21) Importer(815301076,1909f56bfc062723c751e8b465ee728b)
Start importing Assets/Resources/tongue-palate-contact/2.asset using Guid(98abc110d6654194c846808d582bee21) Importer(815301076,1909f56bfc062723c751e8b465ee728b) [PhysX] Initialized MultithreadedTaskDispatcher with 8 workers.
 -> (artifact id: '09ea221daedbf8e31d93d63edc537d1f') in 0.017000 seconds
Number of updated asset objects reloaded before import = 0
Number of asset objects unloaded after import = 3
========================================================================
Received Import Request.
  Time since last request: 0.448886 seconds.
  path: Assets/Resources/tongue-palate-contact/17.asset
  artifactKey: Guid(d832567260e303d448b564d5716f2c37) Importer(815301076,1909f56bfc062723c751e8b465ee728b)
Start importing Assets/Resources/tongue-palate-contact/17.asset using Guid(d832567260e303d448b564d5716f2c37) Importer(815301076,1909f56bfc062723c751e8b465ee728b) [PhysX] Initialized MultithreadedTaskDispatcher with 8 workers.
 -> (artifact id: 'e63f591638312052ab1c6eaf633c1dba') in 0.020632 seconds
Number of updated asset objects reloaded before import = 0
Number of asset objects unloaded after import = 3
========================================================================
Received Import Request.
  Time since last request: 0.000027 seconds.
  path: Assets/Resources/tongue-palate-contact/21.asset
  artifactKey: Guid(2058d45568e7a6240ad003b0f81cc40e) Importer(815301076,1909f56bfc062723c751e8b465ee728b)
Start importing Assets/Resources/tongue-palate-contact/21.asset using Guid(2058d45568e7a6240ad003b0f81cc40e) Importer(815301076,1909f56bfc062723c751e8b465ee728b) [PhysX] Initialized MultithreadedTaskDispatcher with 8 workers.
 -> (artifact id: '6d63f0e20ae61e760b0ffa4cfa3e563e') in 0.021254 seconds
Number of updated asset objects reloaded before import = 0
Number of asset objects unloaded after import = 3
========================================================================
Received Import Request.
  Time since last request: 0.000022 seconds.
  path: Assets/Resources/tongue-palate-contact/22.asset
  artifactKey: Guid(5397c156d12a99044ac843f392f49062) Importer(815301076,1909f56bfc062723c751e8b465ee728b)
Start importing Assets/Resources/tongue-palate-contact/22.asset using Guid(5397c156d12a99044ac843f392f49062) Importer(815301076,1909f56bfc062723c751e8b465ee728b) [PhysX] Initialized MultithreadedTaskDispatcher with 8 workers.
 -> (artifact id: 'e49d790727506a5e5d1bb2ca920eb3fd') in 0.017783 seconds
Number of updated asset objects reloaded before import = 0
Number of asset objects unloaded after import = 3
========================================================================
Received Import Request.
  Time since last request: 0.000058 seconds.
  path: Assets/Resources/tongue-palate-contact/25.asset
  artifactKey: Guid(e52c3f5a1e95eb448b03993e33d7aa2d) Importer(815301076,1909f56bfc062723c751e8b465ee728b)
Start importing Assets/Resources/tongue-palate-contact/25.asset using Guid(e52c3f5a1e95eb448b03993e33d7aa2d) Importer(815301076,1909f56bfc062723c751e8b465ee728b) [PhysX] Initialized MultithreadedTaskDispatcher with 8 workers.
 -> (artifact id: '8312499d929b8fbbaa90dac053c20be1') in 0.023714 seconds
Number of updated asset objects reloaded before import = 0
Number of asset objects unloaded after import = 3
========================================================================
Received Import Request.
  Time since last request: 0.000018 seconds.
  path: Assets/Resources/tongue-palate-contact/27.png
  artifactKey: Guid(ee6cddd0343924542bebd8b1fe73de8e) Importer(815301076,1909f56bfc062723c751e8b465ee728b)
Start importing Assets/Resources/tongue-palate-contact/27.png using Guid(ee6cddd0343924542bebd8b1fe73de8e) Importer(815301076,1909f56bfc062723c751e8b465ee728b) [PhysX] Initialized MultithreadedTaskDispatcher with 8 workers.
[PhysX] Initialized MultithreadedTaskDispatcher with 8 workers.
 -> (artifact id: '7e6fb58b4bbc19682b380927f4f804b8') in 0.022133 seconds
Number of updated asset objects reloaded before import = 0
Number of asset objects unloaded after import = 3
========================================================================
Received Import Request.
  Time since last request: 0.000023 seconds.
  path: Assets/Resources/tongue-palate-contact/27.asset
  artifactKey: Guid(75712e378b2e55b459995167f44646a4) Importer(815301076,1909f56bfc062723c751e8b465ee728b)
Start importing Assets/Resources/tongue-palate-contact/27.asset using Guid(75712e378b2e55b459995167f44646a4) Importer(815301076,1909f56bfc062723c751e8b465ee728b) [PhysX] Initialized MultithreadedTaskDispatcher with 8 workers.
 -> (artifact id: 'e5aadb74ee17c8844669f7587b18023e') in 0.023522 seconds
Number of updated asset objects reloaded before import = 0
Number of asset objects unloaded after import = 3
========================================================================
Received Import Request.
  Time since last request: 0.000049 seconds.
  path: Assets/Resources/tongue-palate-contact/33.png
  artifactKey: Guid(396ecacff96331241a15c6955b703140) Importer(815301076,1909f56bfc062723c751e8b465ee728b)
Start importing Assets/Resources/tongue-palate-contact/33.png using Guid(396ecacff96331241a15c6955b703140) Importer(815301076,1909f56bfc062723c751e8b465ee728b) [PhysX] Initialized MultithreadedTaskDispatcher with 8 workers.
[PhysX] Initialized MultithreadedTaskDispatcher with 8 workers.
 -> (artifact id: '4a2530fb17ba1e88e690b2025c72d780') in 0.022001 seconds
Number of updated asset objects reloaded before import = 0
Number of asset objects unloaded after import = 3
========================================================================
Received Import Request.
  Time since last request: 0.000018 seconds.
  path: Assets/Resources/tongue-palate-contact/35.png
  artifactKey: Guid(3d1730d3169a7d14dbccb96c88383f65) Importer(815301076,1909f56bfc062723c751e8b465ee728b)
Start importing Assets/Resources/tongue-palate-contact/35.png using Guid(3d1730d3169a7d14dbccb96c88383f65) Importer(815301076,1909f56bfc062723c751e8b465ee728b) [PhysX] Initialized MultithreadedTaskDispatcher with 8 workers.
[PhysX] Initialized MultithreadedTaskDispatcher with 8 workers.
 -> (artifact id: '1b91584e9c6bef75fa79d7c97851abe8') in 0.021160 seconds
Number of updated asset objects reloaded before import = 0
Number of asset objects unloaded after import = 3
========================================================================
Received Import Request.
  Time since last request: 0.000022 seconds.
  path: Assets/Resources/tongue-palate-contact/24.asset
  artifactKey: Guid(6aeeac662012e334d937c049f853e4fd) Importer(815301076,1909f56bfc062723c751e8b465ee728b)
Start importing Assets/Resources/tongue-palate-contact/24.asset using Guid(6aeeac662012e334d937c049f853e4fd) Importer(815301076,1909f56bfc062723c751e8b465ee728b) [PhysX] Initialized MultithreadedTaskDispatcher with 8 workers.
 -> (artifact id: '7fc488ad2e3b5e2ede5b43b46c75e65c') in 0.018148 seconds
Number of updated asset objects reloaded before import = 0
Number of asset objects unloaded after import = 3
========================================================================
Received Import Request.
  Time since last request: 0.000020 seconds.
  path: Assets/Resources/tongue-palate-contact/30.asset
  artifactKey: Guid(2ae1cfe3e2bea74409bff500367a36dd) Importer(815301076,1909f56bfc062723c751e8b465ee728b)
Start importing Assets/Resources/tongue-palate-contact/30.asset using Guid(2ae1cfe3e2bea74409bff500367a36dd) Importer(815301076,1909f56bfc062723c751e8b465ee728b) [PhysX] Initialized MultithreadedTaskDispatcher with 8 workers.
 -> (artifact id: '3a4d7982cc7f5031630c490d62381522') in 0.017905 seconds
Number of updated asset objects reloaded before import = 0
Number of asset objects unloaded after import = 3
========================================================================
Received Import Request.
  Time since last request: 0.000027 seconds.
  path: Assets/Resources/tongue-palate-contact/20.png
  artifactKey: Guid(eae791ae3825bcb4cbcbe5826beb9480) Importer(815301076,1909f56bfc062723c751e8b465ee728b)
Start importing Assets/Resources/tongue-palate-contact/20.png using Guid(eae791ae3825bcb4cbcbe5826beb9480) Importer(815301076,1909f56bfc062723c751e8b465ee728b) [PhysX] Initialized MultithreadedTaskDispatcher with 8 workers.
[PhysX] Initialized MultithreadedTaskDispatcher with 8 workers.
 -> (artifact id: 'b39b6a772c4ec78c2284dff17fed6049') in 0.027061 seconds
Number of updated asset objects reloaded before import = 0
Number of asset objects unloaded after import = 3
========================================================================
Received Import Request.
  Time since last request: 0.000025 seconds.
  path: Assets/Resources/tongue-palate-contact/18.asset
  artifactKey: Guid(2c1427cf2dd92aa4189d248e6a14b417) Importer(815301076,1909f56bfc062723c751e8b465ee728b)
Start importing Assets/Resources/tongue-palate-contact/18.asset using Guid(2c1427cf2dd92aa4189d248e6a14b417) Importer(815301076,1909f56bfc062723c751e8b465ee728b) [PhysX] Initialized MultithreadedTaskDispatcher with 8 workers.
 -> (artifact id: 'db669bebd91f7b08d1f6930ac09cf64d') in 0.017556 seconds
Number of updated asset objects reloaded before import = 0
Number of asset objects unloaded after import = 3
========================================================================
Received Import Request.
  Time since last request: 0.000027 seconds.
  path: Assets/Resources/tongue-palate-contact/38.png
  artifactKey: Guid(575e7b20824bdea41bad26bd7442ca12) Importer(815301076,1909f56bfc062723c751e8b465ee728b)
Start importing Assets/Resources/tongue-palate-contact/38.png using Guid(575e7b20824bdea41bad26bd7442ca12) Importer(815301076,1909f56bfc062723c751e8b465ee728b) [PhysX] Initialized MultithreadedTaskDispatcher with 8 workers.
[PhysX] Initialized MultithreadedTaskDispatcher with 8 workers.
 -> (artifact id: '3d5276279093f238c50b243baec9301f') in 0.030568 seconds
Number of updated asset objects reloaded before import = 0
Number of asset objects unloaded after import = 3
========================================================================
Received Import Request.
  Time since last request: 0.000025 seconds.
  path: Assets/Resources/tongue-palate-contact/26.asset
  artifactKey: Guid(41b2d67e9c174b4409422f3992a5f0eb) Importer(815301076,1909f56bfc062723c751e8b465ee728b)
Start importing Assets/Resources/tongue-palate-contact/26.asset using Guid(41b2d67e9c174b4409422f3992a5f0eb) Importer(815301076,1909f56bfc062723c751e8b465ee728b) [PhysX] Initialized MultithreadedTaskDispatcher with 8 workers.
 -> (artifact id: '8b204d1dfbc3ca6196e2fbf72bfcab15') in 0.020247 seconds
Number of updated asset objects reloaded before import = 0
Number of asset objects unloaded after import = 3
========================================================================
Received Import Request.
  Time since last request: 0.000020 seconds.
  path: Assets/Resources/tongue-palate-contact/36.png
  artifactKey: Guid(969b0cc30997b084eb76c0f96e5eab9a) Importer(815301076,1909f56bfc062723c751e8b465ee728b)
Start importing Assets/Resources/tongue-palate-contact/36.png using Guid(969b0cc30997b084eb76c0f96e5eab9a) Importer(815301076,1909f56bfc062723c751e8b465ee728b) [PhysX] Initialized MultithreadedTaskDispatcher with 8 workers.
[PhysX] Initialized MultithreadedTaskDispatcher with 8 workers.
 -> (artifact id: 'e2ca8b33a98263662e17e1078d1babc9') in 0.023672 seconds
Number of updated asset objects reloaded before import = 0
Number of asset objects unloaded after import = 3
========================================================================
Received Import Request.
  Time since last request: 0.000025 seconds.
  path: Assets/Resources/tongue-palate-contact/34.asset
  artifactKey: Guid(e36ac51ba14f79743a5b3633125c7e23) Importer(815301076,1909f56bfc062723c751e8b465ee728b)
Start importing Assets/Resources/tongue-palate-contact/34.asset using Guid(e36ac51ba14f79743a5b3633125c7e23) Importer(815301076,1909f56bfc062723c751e8b465ee728b) [PhysX] Initialized MultithreadedTaskDispatcher with 8 workers.
 -> (artifact id: 'da6d40c37d956428c8d43da041f6735c') in 0.017379 seconds
Number of updated asset objects reloaded before import = 0
Number of asset objects unloaded after import = 3
========================================================================
Received Import Request.
  Time since last request: 0.000023 seconds.
  path: Assets/Resources/tongue-palate-contact/18.png
  artifactKey: Guid(ce0d26e26462ffb44ad481094e004df2) Importer(815301076,1909f56bfc062723c751e8b465ee728b)
Start importing Assets/Resources/tongue-palate-contact/18.png using Guid(ce0d26e26462ffb44ad481094e004df2) Importer(815301076,1909f56bfc062723c751e8b465ee728b) [PhysX] Initialized MultithreadedTaskDispatcher with 8 workers.
[PhysX] Initialized MultithreadedTaskDispatcher with 8 workers.
 -> (artifact id: 'f3d1a6c38e65e96db964d446aa1483c7') in 0.020762 seconds
Number of updated asset objects reloaded before import = 0
Number of asset objects unloaded after import = 3
========================================================================
Received Import Request.
  Time since last request: 0.000046 seconds.
  path: Assets/Resources/tongue-palate-contact/28.asset
  artifactKey: Guid(a528d6882d389c54ab922e25b53f93cc) Importer(815301076,1909f56bfc062723c751e8b465ee728b)
Start importing Assets/Resources/tongue-palate-contact/28.asset using Guid(a528d6882d389c54ab922e25b53f93cc) Importer(815301076,1909f56bfc062723c751e8b465ee728b) [PhysX] Initialized MultithreadedTaskDispatcher with 8 workers.
 -> (artifact id: '59bbaca89813cc47fb3fba882fa127c6') in 0.019060 seconds
Number of updated asset objects reloaded before import = 0
Number of asset objects unloaded after import = 3
========================================================================
Received Import Request.
  Time since last request: 0.000024 seconds.
  path: Assets/Resources/tongue-palate-contact/22.png
  artifactKey: Guid(3573f161185ffad48ac647b1a9a3a1b0) Importer(815301076,1909f56bfc062723c751e8b465ee728b)
Start importing Assets/Resources/tongue-palate-contact/22.png using Guid(3573f161185ffad48ac647b1a9a3a1b0) Importer(815301076,1909f56bfc062723c751e8b465ee728b) [PhysX] Initialized MultithreadedTaskDispatcher with 8 workers.
[PhysX] Initialized MultithreadedTaskDispatcher with 8 workers.
 -> (artifact id: '4686023447fc81412e100542bdfea173') in 0.020733 seconds
Number of updated asset objects reloaded before import = 0
Number of asset objects unloaded after import = 3
========================================================================
Received Import Request.
  Time since last request: 0.000024 seconds.
  path: Assets/Resources/tongue-palate-contact/35.asset
  artifactKey: Guid(b710196eaf666bb41abbfc16618dbe6c) Importer(815301076,1909f56bfc062723c751e8b465ee728b)
Start importing Assets/Resources/tongue-palate-contact/35.asset using Guid(b710196eaf666bb41abbfc16618dbe6c) Importer(815301076,1909f56bfc062723c751e8b465ee728b) [PhysX] Initialized MultithreadedTaskDispatcher with 8 workers.
 -> (artifact id: 'a35da60259bab0ffb173460ac5b7d644') in 0.019261 seconds
Number of updated asset objects reloaded before import = 0
Number of asset objects unloaded after import = 3
========================================================================
Received Import Request.
  Time since last request: 0.000023 seconds.
  path: Assets/Resources/tongue-palate-contact/37.asset
  artifactKey: Guid(cf707be24e8d2c7428e0a75fc3ff114e) Importer(815301076,1909f56bfc062723c751e8b465ee728b)
Start importing Assets/Resources/tongue-palate-contact/37.asset using Guid(cf707be24e8d2c7428e0a75fc3ff114e) Importer(815301076,1909f56bfc062723c751e8b465ee728b) [PhysX] Initialized MultithreadedTaskDispatcher with 8 workers.
 -> (artifact id: '7eaa591d237cd9605f09ebb6853622df') in 0.018546 seconds
Number of updated asset objects reloaded before import = 0
Number of asset objects unloaded after import = 3
========================================================================
Received Import Request.
  Time since last request: 0.000108 seconds.
  path: Assets/Resources/tongue-palate-contact/20.asset
  artifactKey: Guid(4da8d64ff34cb784da1bd2f5f536a5a3) Importer(815301076,1909f56bfc062723c751e8b465ee728b)
Start importing Assets/Resources/tongue-palate-contact/20.asset using Guid(4da8d64ff34cb784da1bd2f5f536a5a3) Importer(815301076,1909f56bfc062723c751e8b465ee728b) [PhysX] Initialized MultithreadedTaskDispatcher with 8 workers.
 -> (artifact id: 'c4662600516ae4fa27486cf216c2a12b') in 0.019404 seconds
Number of updated asset objects reloaded before import = 0
Number of asset objects unloaded after import = 3
========================================================================
Received Import Request.
  Time since last request: 0.000047 seconds.
  path: Assets/Resources/tongue-palate-contact/32.png
  artifactKey: Guid(a6d54a546fd6606459a0477f069b4205) Importer(815301076,1909f56bfc062723c751e8b465ee728b)
Start importing Assets/Resources/tongue-palate-contact/32.png using Guid(a6d54a546fd6606459a0477f069b4205) Importer(815301076,1909f56bfc062723c751e8b465ee728b) [PhysX] Initialized MultithreadedTaskDispatcher with 8 workers.
[PhysX] Initialized MultithreadedTaskDispatcher with 8 workers.
 -> (artifact id: '2ac6c525842ff9dabc518473db724f85') in 0.025546 seconds
Number of updated asset objects reloaded before import = 0
Number of asset objects unloaded after import = 3
========================================================================
Received Import Request.
  Time since last request: 0.346066 seconds.
  path: Assets/Resources/tongue-palate-contact/39.asset
  artifactKey: Guid(55cb800e693204f4f8a61510c119df37) Importer(815301076,1909f56bfc062723c751e8b465ee728b)
Start importing Assets/Resources/tongue-palate-contact/39.asset using Guid(55cb800e693204f4f8a61510c119df37) Importer(815301076,1909f56bfc062723c751e8b465ee728b) [PhysX] Initialized MultithreadedTaskDispatcher with 8 workers.
 -> (artifact id: '679c78f6219dc68d404517203dd3c2a6') in 0.018907 seconds
Number of updated asset objects reloaded before import = 0
Number of asset objects unloaded after import = 3
========================================================================
Received Import Request.
  Time since last request: 0.000024 seconds.
  path: Assets/Resources/tongue-palate-contact/42.png
  artifactKey: Guid(4a5c7786b8ceb6241a18d958eb9f57bf) Importer(815301076,1909f56bfc062723c751e8b465ee728b)
Start importing Assets/Resources/tongue-palate-contact/42.png using Guid(4a5c7786b8ceb6241a18d958eb9f57bf) Importer(815301076,1909f56bfc062723c751e8b465ee728b) [PhysX] Initialized MultithreadedTaskDispatcher with 8 workers.
[PhysX] Initialized MultithreadedTaskDispatcher with 8 workers.
 -> (artifact id: '40ffece1554bff7ec7a166df5df243ff') in 0.024007 seconds
Number of updated asset objects reloaded before import = 0
Number of asset objects unloaded after import = 3
========================================================================
Received Import Request.
  Time since last request: 0.000023 seconds.
  path: Assets/Resources/tongue-palate-contact/42.asset
  artifactKey: Guid(d3c4a43a8ea8cdd41bfe8855962485a5) Importer(815301076,1909f56bfc062723c751e8b465ee728b)
Start importing Assets/Resources/tongue-palate-contact/42.asset using Guid(d3c4a43a8ea8cdd41bfe8855962485a5) Importer(815301076,1909f56bfc062723c751e8b465ee728b) [PhysX] Initialized MultithreadedTaskDispatcher with 8 workers.
 -> (artifact id: 'adf075fe5127ae56763c7f9cf8f1ed90') in 0.019317 seconds
Number of updated asset objects reloaded before import = 0
Number of asset objects unloaded after import = 3
========================================================================
Received Import Request.
  Time since last request: 0.000023 seconds.
  path: Assets/Resources/tongue-palate-contact/41.asset
  artifactKey: Guid(f3532d9c8a7066944a558eea5916d475) Importer(815301076,1909f56bfc062723c751e8b465ee728b)
Start importing Assets/Resources/tongue-palate-contact/41.asset using Guid(f3532d9c8a7066944a558eea5916d475) Importer(815301076,1909f56bfc062723c751e8b465ee728b) [PhysX] Initialized MultithreadedTaskDispatcher with 8 workers.
 -> (artifact id: '6c28aeeaa3f19c2b972ec97235e374eb') in 0.019033 seconds
Number of updated asset objects reloaded before import = 0
Number of asset objects unloaded after import = 3
========================================================================
Received Import Request.
  Time since last request: 0.000024 seconds.
  path: Assets/Resources/tongue-palate-contact/43.png
  artifactKey: Guid(b05b63574e8d5f4449985bdbd9e0371c) Importer(815301076,1909f56bfc062723c751e8b465ee728b)
Start importing Assets/Resources/tongue-palate-contact/43.png using Guid(b05b63574e8d5f4449985bdbd9e0371c) Importer(815301076,1909f56bfc062723c751e8b465ee728b) [PhysX] Initialized MultithreadedTaskDispatcher with 8 workers.
[PhysX] Initialized MultithreadedTaskDispatcher with 8 workers.
 -> (artifact id: '9d9c10bc6d7306fbad9d53baa959bb09') in 0.018924 seconds
Number of updated asset objects reloaded before import = 0
Number of asset objects unloaded after import = 3
========================================================================
Received Import Request.
  Time since last request: 0.000027 seconds.
  path: Assets/Resources/tongue-palate-contact/49.png
  artifactKey: Guid(a97dd33b6df6ebb4b87b416519e4029a) Importer(815301076,1909f56bfc062723c751e8b465ee728b)
Start importing Assets/Resources/tongue-palate-contact/49.png using Guid(a97dd33b6df6ebb4b87b416519e4029a) Importer(815301076,1909f56bfc062723c751e8b465ee728b) [PhysX] Initialized MultithreadedTaskDispatcher with 8 workers.
[PhysX] Initialized MultithreadedTaskDispatcher with 8 workers.
 -> (artifact id: 'c7490ff04699ad51e27f15ee5ef1fe5f') in 0.023504 seconds
Number of updated asset objects reloaded before import = 0
Number of asset objects unloaded after import = 3
========================================================================
Received Import Request.
  Time since last request: 0.000060 seconds.
  path: Assets/Resources/tongue-palate-contact/45.png
  artifactKey: Guid(4907061ae3ca29e43b0c6d021edd5922) Importer(815301076,1909f56bfc062723c751e8b465ee728b)
Start importing Assets/Resources/tongue-palate-contact/45.png using Guid(4907061ae3ca29e43b0c6d021edd5922) Importer(815301076,1909f56bfc062723c751e8b465ee728b) [PhysX] Initialized MultithreadedTaskDispatcher with 8 workers.
[PhysX] Initialized MultithreadedTaskDispatcher with 8 workers.
 -> (artifact id: '29e9b9d50fb3e5e470690c1cf49108eb') in 0.023704 seconds
Number of updated asset objects reloaded before import = 0
Number of asset objects unloaded after import = 3
========================================================================
Received Import Request.
  Time since last request: 0.000035 seconds.
  path: Assets/Resources/tongue-palate-contact/46.png
  artifactKey: Guid(8660072ba9c4ed348b3f3c8e445bc9ef) Importer(815301076,1909f56bfc062723c751e8b465ee728b)
Start importing Assets/Resources/tongue-palate-contact/46.png using Guid(8660072ba9c4ed348b3f3c8e445bc9ef) Importer(815301076,1909f56bfc062723c751e8b465ee728b) [PhysX] Initialized MultithreadedTaskDispatcher with 8 workers.
[PhysX] Initialized MultithreadedTaskDispatcher with 8 workers.
 -> (artifact id: 'c51c7eaba71c4f350cff3c87e7d5823d') in 0.030439 seconds
Number of updated asset objects reloaded before import = 0
Number of asset objects unloaded after import = 3
========================================================================
Received Import Request.
  Time since last request: 0.000027 seconds.
  path: Assets/Resources/tongue-palate-contact/40.png
  artifactKey: Guid(98fba45154779d34a8b222c5b1234310) Importer(815301076,1909f56bfc062723c751e8b465ee728b)
Start importing Assets/Resources/tongue-palate-contact/40.png using Guid(98fba45154779d34a8b222c5b1234310) Importer(815301076,1909f56bfc062723c751e8b465ee728b) [PhysX] Initialized MultithreadedTaskDispatcher with 8 workers.
[PhysX] Initialized MultithreadedTaskDispatcher with 8 workers.
 -> (artifact id: 'cb7ea75f89084f6bd29576cdafc286f2') in 0.025203 seconds
Number of updated asset objects reloaded before import = 0
Number of asset objects unloaded after import = 3
========================================================================
Received Import Request.
  Time since last request: 0.000019 seconds.
  path: Assets/Resources/tongue-palate-contact/50.png
  artifactKey: Guid(3f11fe8d13ae07f40be3691187ecf0ef) Importer(815301076,1909f56bfc062723c751e8b465ee728b)
Start importing Assets/Resources/tongue-palate-contact/50.png using Guid(3f11fe8d13ae07f40be3691187ecf0ef) Importer(815301076,1909f56bfc062723c751e8b465ee728b) [PhysX] Initialized MultithreadedTaskDispatcher with 8 workers.
[PhysX] Initialized MultithreadedTaskDispatcher with 8 workers.
 -> (artifact id: 'a36fa444092c0796c90fd54a089a2119') in 0.022074 seconds
Number of updated asset objects reloaded before import = 0
Number of asset objects unloaded after import = 3
========================================================================
Received Import Request.
  Time since last request: 0.000022 seconds.
  path: Assets/Resources/tongue-palate-contact/53.asset
  artifactKey: Guid(09ed229d6060c004d850832af1142fde) Importer(815301076,1909f56bfc062723c751e8b465ee728b)
Start importing Assets/Resources/tongue-palate-contact/53.asset using Guid(09ed229d6060c004d850832af1142fde) Importer(815301076,1909f56bfc062723c751e8b465ee728b) [PhysX] Initialized MultithreadedTaskDispatcher with 8 workers.
 -> (artifact id: 'da06d4420a69ec959d4c1fdd74edcc57') in 0.027160 seconds
Number of updated asset objects reloaded before import = 0
Number of asset objects unloaded after import = 3
========================================================================
Received Import Request.
  Time since last request: 0.000061 seconds.
  path: Assets/Resources/tongue-palate-contact/51.png
  artifactKey: Guid(8735aa114b3792b4eb0dd101bcc07a92) Importer(815301076,1909f56bfc062723c751e8b465ee728b)
Start importing Assets/Resources/tongue-palate-contact/51.png using Guid(8735aa114b3792b4eb0dd101bcc07a92) Importer(815301076,1909f56bfc062723c751e8b465ee728b) [PhysX] Initialized MultithreadedTaskDispatcher with 8 workers.
[PhysX] Initialized MultithreadedTaskDispatcher with 8 workers.
 -> (artifact id: 'b5448c7181a90b045716d6fbad926c7a') in 0.028230 seconds
Number of updated asset objects reloaded before import = 0
Number of asset objects unloaded after import = 3
========================================================================
Received Import Request.
  Time since last request: 0.000035 seconds.
  path: Assets/Resources/tongue-palate-contact/54.png
  artifactKey: Guid(f10920ccf70b56d469bc378fa628491d) Importer(815301076,1909f56bfc062723c751e8b465ee728b)
Start importing Assets/Resources/tongue-palate-contact/54.png using Guid(f10920ccf70b56d469bc378fa628491d) Importer(815301076,1909f56bfc062723c751e8b465ee728b) [PhysX] Initialized MultithreadedTaskDispatcher with 8 workers.
[PhysX] Initialized MultithreadedTaskDispatcher with 8 workers.
 -> (artifact id: 'cc314076f57c41055173dccaf41eedc4') in 0.028980 seconds
Number of updated asset objects reloaded before import = 0
Number of asset objects unloaded after import = 3
========================================================================
Received Import Request.
  Time since last request: 0.000024 seconds.
  path: Assets/Resources/tongue-palate-contact/55.asset
  artifactKey: Guid(dc6a591f9533817499a5040e54af230a) Importer(815301076,1909f56bfc062723c751e8b465ee728b)
Start importing Assets/Resources/tongue-palate-contact/55.asset using Guid(dc6a591f9533817499a5040e54af230a) Importer(815301076,1909f56bfc062723c751e8b465ee728b) [PhysX] Initialized MultithreadedTaskDispatcher with 8 workers.
 -> (artifact id: 'b184f5701dbe1a8f00aa4b1309f6a1a5') in 0.025881 seconds
Number of updated asset objects reloaded before import = 0
Number of asset objects unloaded after import = 3
========================================================================
Received Import Request.
  Time since last request: 0.000022 seconds.
  path: Assets/Resources/tongue-palate-contact/48.asset
  artifactKey: Guid(a012f62a5d36f324888fb8f2afad7bad) Importer(815301076,1909f56bfc062723c751e8b465ee728b)
Start importing Assets/Resources/tongue-palate-contact/48.asset using Guid(a012f62a5d36f324888fb8f2afad7bad) Importer(815301076,1909f56bfc062723c751e8b465ee728b) [PhysX] Initialized MultithreadedTaskDispatcher with 8 workers.
 -> (artifact id: 'f9bb6d0f3ef3bc3713b693d40799f306') in 0.022975 seconds
Number of updated asset objects reloaded before import = 0
Number of asset objects unloaded after import = 3
========================================================================
Received Import Request.
  Time since last request: 0.000021 seconds.
  path: Assets/Resources/tongue-palate-contact/47.png
  artifactKey: Guid(311dfa828933fd54daaa742439f3e27d) Importer(815301076,1909f56bfc062723c751e8b465ee728b)
Start importing Assets/Resources/tongue-palate-contact/47.png using Guid(311dfa828933fd54daaa742439f3e27d) Importer(815301076,1909f56bfc062723c751e8b465ee728b) [PhysX] Initialized MultithreadedTaskDispatcher with 8 workers.
[PhysX] Initialized MultithreadedTaskDispatcher with 8 workers.
 -> (artifact id: '45b9047933a8a2079d2d40b6ca3fbf9a') in 0.034226 seconds
Number of updated asset objects reloaded before import = 0
Number of asset objects unloaded after import = 3
========================================================================
Received Import Request.
  Time since last request: 0.246464 seconds.
  path: Assets/Resources/tongue-palate-contact/55.png
  artifactKey: Guid(8046061af15da6b438885fe9a10fe72c) Importer(815301076,1909f56bfc062723c751e8b465ee728b)
Start importing Assets/Resources/tongue-palate-contact/55.png using Guid(8046061af15da6b438885fe9a10fe72c) Importer(815301076,1909f56bfc062723c751e8b465ee728b) [PhysX] Initialized MultithreadedTaskDispatcher with 8 workers.
[PhysX] Initialized MultithreadedTaskDispatcher with 8 workers.
 -> (artifact id: '782eaed6731452229763f0aafcd8f46d') in 0.024695 seconds
Number of updated asset objects reloaded before import = 0
Number of asset objects unloaded after import = 3
========================================================================
Received Import Request.
  Time since last request: 0.000048 seconds.
  path: Assets/Resources/tongue-palate-contact/57.png
  artifactKey: Guid(915e20aa87dd49c43b8c59418ad1a191) Importer(815301076,1909f56bfc062723c751e8b465ee728b)
Start importing Assets/Resources/tongue-palate-contact/57.png using Guid(915e20aa87dd49c43b8c59418ad1a191) Importer(815301076,1909f56bfc062723c751e8b465ee728b) [PhysX] Initialized MultithreadedTaskDispatcher with 8 workers.
[PhysX] Initialized MultithreadedTaskDispatcher with 8 workers.
 -> (artifact id: '3be413b734f161f65cb7d2fb9697a660') in 0.026347 seconds
Number of updated asset objects reloaded before import = 0
Number of asset objects unloaded after import = 3
========================================================================
Received Import Request.
  Time since last request: 0.000026 seconds.
  path: Assets/Resources/tongue-palate-contact/57.asset
  artifactKey: Guid(ada7805d06dfa344696269620c0f56bb) Importer(815301076,1909f56bfc062723c751e8b465ee728b)
Start importing Assets/Resources/tongue-palate-contact/57.asset using Guid(ada7805d06dfa344696269620c0f56bb) Importer(815301076,1909f56bfc062723c751e8b465ee728b) [PhysX] Initialized MultithreadedTaskDispatcher with 8 workers.
 -> (artifact id: 'c7a95a714393998bfc8fd14b8c4cf5d6') in 0.024725 seconds
Number of updated asset objects reloaded before import = 0
Number of asset objects unloaded after import = 3
========================================================================
Received Import Request.
  Time since last request: 34.102898 seconds.
  path: Assets/Sprite/back.asset
  artifactKey: Guid(2dfce33caeeffdf4682c9c924e9318fb) Importer(815301076,1909f56bfc062723c751e8b465ee728b)
Start importing Assets/Sprite/back.asset using Guid(2dfce33caeeffdf4682c9c924e9318fb) Importer(815301076,1909f56bfc062723c751e8b465ee728b) [PhysX] Initialized MultithreadedTaskDispatcher with 8 workers.
 -> (artifact id: '73270ad3f7307f37aa127d259b0c6ecf') in 0.020290 seconds
Number of updated asset objects reloaded before import = 0
Number of asset objects unloaded after import = 3
========================================================================
Received Import Request.
  Time since last request: 0.000017 seconds.
  path: Assets/Sprite/fullscreen_on.asset
  artifactKey: Guid(728714cb9236c134ca1a0ec3f1f0ecc7) Importer(815301076,1909f56bfc062723c751e8b465ee728b)
Start importing Assets/Sprite/fullscreen_on.asset using Guid(728714cb9236c134ca1a0ec3f1f0ecc7) Importer(815301076,1909f56bfc062723c751e8b465ee728b) [PhysX] Initialized MultithreadedTaskDispatcher with 8 workers.
 -> (artifact id: '7bfc1578a1aa334245240ade0c2135bc') in 0.017926 seconds
Number of updated asset objects reloaded before import = 0
Number of asset objects unloaded after import = 3
========================================================================
Received Import Request.
  Time since last request: 0.000021 seconds.
  path: Assets/Sprite/record.asset
  artifactKey: Guid(ac9d6450a5471e04e941228e650fcb36) Importer(815301076,1909f56bfc062723c751e8b465ee728b)
Start importing Assets/Sprite/record.asset using Guid(ac9d6450a5471e04e941228e650fcb36) Importer(815301076,1909f56bfc062723c751e8b465ee728b) [PhysX] Initialized MultithreadedTaskDispatcher with 8 workers.
 -> (artifact id: '1247d253434abed7fa69839a908e425a') in 0.025330 seconds
Number of updated asset objects reloaded before import = 0
Number of asset objects unloaded after import = 3
========================================================================
Received Import Request.
  Time since last request: 0.000023 seconds.
  path: Assets/Sprite/forward_pressed.asset
  artifactKey: Guid(f2590cc0a953b2744bde61a6d6f52d37) Importer(815301076,1909f56bfc062723c751e8b465ee728b)
Start importing Assets/Sprite/forward_pressed.asset using Guid(f2590cc0a953b2744bde61a6d6f52d37) Importer(815301076,1909f56bfc062723c751e8b465ee728b) [PhysX] Initialized MultithreadedTaskDispatcher with 8 workers.
 -> (artifact id: 'aa93a841189f01d6d7a3dc03ab1e217d') in 0.021558 seconds
Number of updated asset objects reloaded before import = 0
Number of asset objects unloaded after import = 3
========================================================================
Received Import Request.
  Time since last request: 0.000030 seconds.
  path: Assets/Sprite/microphone_off.asset
  artifactKey: Guid(c7d06abe4bd7899438650c9e60f23a82) Importer(815301076,1909f56bfc062723c751e8b465ee728b)
Start importing Assets/Sprite/microphone_off.asset using Guid(c7d06abe4bd7899438650c9e60f23a82) Importer(815301076,1909f56bfc062723c751e8b465ee728b) [PhysX] Initialized MultithreadedTaskDispatcher with 8 workers.
 -> (artifact id: 'f93bf3b1c7a8206447b9cbefa6ae416e') in 0.021143 seconds
Number of updated asset objects reloaded before import = 0
Number of asset objects unloaded after import = 3
========================================================================
Received Import Request.
  Time since last request: 0.000019 seconds.
  path: Assets/Sprite/speaker_off.asset
  artifactKey: Guid(74b944bbe38a9ff418aa5b7209953c86) Importer(815301076,1909f56bfc062723c751e8b465ee728b)
Start importing Assets/Sprite/speaker_off.asset using Guid(74b944bbe38a9ff418aa5b7209953c86) Importer(815301076,1909f56bfc062723c751e8b465ee728b) [PhysX] Initialized MultithreadedTaskDispatcher with 8 workers.
 -> (artifact id: 'ebea10e7540d6a5147ec030c18a48725') in 0.021761 seconds
Number of updated asset objects reloaded before import = 0
Number of asset objects unloaded after import = 3
========================================================================
Received Import Request.
  Time since last request: 0.000016 seconds.
  path: Assets/Sprite/en_gb.asset
  artifactKey: Guid(94cf7437e30cd5e42a077f668d1554a3) Importer(815301076,1909f56bfc062723c751e8b465ee728b)
Start importing Assets/Sprite/en_gb.asset using Guid(94cf7437e30cd5e42a077f668d1554a3) Importer(815301076,1909f56bfc062723c751e8b465ee728b) [PhysX] Initialized MultithreadedTaskDispatcher with 8 workers.
 -> (artifact id: 'b09b58209a387f7716bc015900cf57d9') in 0.018214 seconds
Number of updated asset objects reloaded before import = 0
Number of asset objects unloaded after import = 3
========================================================================
Received Import Request.
  Time since last request: 0.000028 seconds.
  path: Assets/Sprite/microphone_on.asset
  artifactKey: Guid(91a22396974098748bab5926c23c0fea) Importer(815301076,1909f56bfc062723c751e8b465ee728b)
Start importing Assets/Sprite/microphone_on.asset using Guid(91a22396974098748bab5926c23c0fea) Importer(815301076,1909f56bfc062723c751e8b465ee728b) [PhysX] Initialized MultithreadedTaskDispatcher with 8 workers.
 -> (artifact id: '0427d8cdbf669b5de9af5c728ed0a42c') in 0.017576 seconds
Number of updated asset objects reloaded before import = 0
Number of asset objects unloaded after import = 3
========================================================================
Received Import Request.
  Time since last request: 0.000023 seconds.
  path: Assets/Sprite/pause.asset
  artifactKey: Guid(3e8eb00393ede7b4484eb5a819c47c3e) Importer(815301076,1909f56bfc062723c751e8b465ee728b)
Start importing Assets/Sprite/pause.asset using Guid(3e8eb00393ede7b4484eb5a819c47c3e) Importer(815301076,1909f56bfc062723c751e8b465ee728b) [PhysX] Initialized MultithreadedTaskDispatcher with 8 workers.
 -> (artifact id: '22c0eb864e42918179a0b99b0928af19') in 0.018400 seconds
Number of updated asset objects reloaded before import = 0
Number of asset objects unloaded after import = 3
========================================================================
Received Import Request.
  Time since last request: 0.000016 seconds.
  path: Assets/Sprite/setting_on.asset
  artifactKey: Guid(ada339f8d6321c943bf7450e11fb6aaf) Importer(815301076,1909f56bfc062723c751e8b465ee728b)
Start importing Assets/Sprite/setting_on.asset using Guid(ada339f8d6321c943bf7450e11fb6aaf) Importer(815301076,1909f56bfc062723c751e8b465ee728b) [PhysX] Initialized MultithreadedTaskDispatcher with 8 workers.
 -> (artifact id: '5fc7b9d6880fef95a8a85377031fd2ee') in 0.018238 seconds
Number of updated asset objects reloaded before import = 0
Number of asset objects unloaded after import = 3
========================================================================
Received Import Request.
  Time since last request: 0.000019 seconds.
  path: Assets/Sprite/background.asset
  artifactKey: Guid(d6ae9275b8076bc47950d488747813ba) Importer(815301076,1909f56bfc062723c751e8b465ee728b)
Start importing Assets/Sprite/background.asset using Guid(d6ae9275b8076bc47950d488747813ba) Importer(815301076,1909f56bfc062723c751e8b465ee728b) [PhysX] Initialized MultithreadedTaskDispatcher with 8 workers.
 -> (artifact id: '1ae622d588df93399d74ea68044efe86') in 0.025301 seconds
Number of updated asset objects reloaded before import = 0
Number of asset objects unloaded after import = 3
========================================================================
Received Import Request.
  Time since last request: 0.000026 seconds.
  path: Assets/Sprite/help_off.asset
  artifactKey: Guid(1560316b8f622c14185329947c8ef31e) Importer(815301076,1909f56bfc062723c751e8b465ee728b)
Start importing Assets/Sprite/help_off.asset using Guid(1560316b8f622c14185329947c8ef31e) Importer(815301076,1909f56bfc062723c751e8b465ee728b) [PhysX] Initialized MultithreadedTaskDispatcher with 8 workers.
 -> (artifact id: 'e6a1923f7382715b76539a1cbf290f1e') in 0.018805 seconds
Number of updated asset objects reloaded before import = 0
Number of asset objects unloaded after import = 3
========================================================================
Received Import Request.
  Time since last request: 0.000047 seconds.
  path: Assets/Sprite/en_us.asset
  artifactKey: Guid(81b8500f7ff592347b27cba167d099cc) Importer(815301076,1909f56bfc062723c751e8b465ee728b)
Start importing Assets/Sprite/en_us.asset using Guid(81b8500f7ff592347b27cba167d099cc) Importer(815301076,1909f56bfc062723c751e8b465ee728b) [PhysX] Initialized MultithreadedTaskDispatcher with 8 workers.
 -> (artifact id: '7e71815e47999fc3a10b5df76a1c4e04') in 0.018651 seconds
Number of updated asset objects reloaded before import = 0
Number of asset objects unloaded after import = 3
========================================================================
Received Import Request.
  Time since last request: 0.000018 seconds.
  path: Assets/Sprite/record_pressed.asset
  artifactKey: Guid(18a4f7aae8cb00142aaffead01959eaf) Importer(815301076,1909f56bfc062723c751e8b465ee728b)
Start importing Assets/Sprite/record_pressed.asset using Guid(18a4f7aae8cb00142aaffead01959eaf) Importer(815301076,1909f56bfc062723c751e8b465ee728b) [PhysX] Initialized MultithreadedTaskDispatcher with 8 workers.
 -> (artifact id: '39a95ee39aeb2848f5dec841695fc855') in 0.022095 seconds
Number of updated asset objects reloaded before import = 0
Number of asset objects unloaded after import = 3
========================================================================
Received Import Request.
  Time since last request: 6.003032 seconds.
  path: Assets/Mesh/lips.asset
  artifactKey: Guid(637f1979091b4ae4c8256e2d6aea281d) Importer(815301076,1909f56bfc062723c751e8b465ee728b)
Start importing Assets/Mesh/lips.asset using Guid(637f1979091b4ae4c8256e2d6aea281d) Importer(815301076,1909f56bfc062723c751e8b465ee728b) [PhysX] Initialized MultithreadedTaskDispatcher with 8 workers.
[PhysX] Initialized MultithreadedTaskDispatcher with 8 workers.
 -> (artifact id: '245f87a5ad944bbc485e33d277ee86f0') in 0.392696 seconds
Number of updated asset objects reloaded before import = 0
Number of asset objects unloaded after import = 2
========================================================================
Received Import Request.
  Time since last request: 0.000044 seconds.
  path: Assets/Mesh/upper teeth.asset
  artifactKey: Guid(04012d84329e264499f9e193969be44e) Importer(815301076,1909f56bfc062723c751e8b465ee728b)
Start importing Assets/Mesh/upper teeth.asset using Guid(04012d84329e264499f9e193969be44e) Importer(815301076,1909f56bfc062723c751e8b465ee728b) [PhysX] Initialized MultithreadedTaskDispatcher with 8 workers.
[PhysX] Initialized MultithreadedTaskDispatcher with 8 workers.
 -> (artifact id: 'acaa893dbdbc306546292085b4bebfeb') in 0.035471 seconds
Number of updated asset objects reloaded before import = 0
Number of asset objects unloaded after import = 2
========================================================================
Received Import Request.
  Time since last request: 0.000046 seconds.
  path: Assets/Mesh/upper jaw.asset
  artifactKey: Guid(e34427207ef90c541989aa9b6dcf6cd4) Importer(815301076,1909f56bfc062723c751e8b465ee728b)
Start importing Assets/Mesh/upper jaw.asset using Guid(e34427207ef90c541989aa9b6dcf6cd4) Importer(815301076,1909f56bfc062723c751e8b465ee728b) [PhysX] Initialized MultithreadedTaskDispatcher with 8 workers.
[PhysX] Initialized MultithreadedTaskDispatcher with 8 workers.
 -> (artifact id: '741ca149cdb6490af0ae95f5bead5040') in 0.052591 seconds
Number of updated asset objects reloaded before import = 0
Number of asset objects unloaded after import = 2
========================================================================
Received Import Request.
  Time since last request: 0.000027 seconds.
  path: Assets/Material/lips_material_stylized.mat
  artifactKey: Guid(155bddbe88bc6d44cac211701be89f3b) Importer(815301076,1909f56bfc062723c751e8b465ee728b)
Start importing Assets/Material/lips_material_stylized.mat using Guid(155bddbe88bc6d44cac211701be89f3b) Importer(815301076,1909f56bfc062723c751e8b465ee728b) [PhysX] Initialized MultithreadedTaskDispatcher with 8 workers.
[PhysX] Initialized MultithreadedTaskDispatcher with 8 workers.
 -> (artifact id: '4a7524a5cca7f7ae13357e64fbc23a58') in 0.420673 seconds
Number of updated asset objects reloaded before import = 0
Number of asset objects unloaded after import = 5
========================================================================
Received Import Request.
  Time since last request: 0.000142 seconds.
  path: Assets/Material/lips_material.mat
  artifactKey: Guid(5eea781726a7ac24180a464e4bfadebf) Importer(815301076,1909f56bfc062723c751e8b465ee728b)
Start importing Assets/Material/lips_material.mat using Guid(5eea781726a7ac24180a464e4bfadebf) Importer(815301076,1909f56bfc062723c751e8b465ee728b) [PhysX] Initialized MultithreadedTaskDispatcher with 8 workers.
[PhysX] Initialized MultithreadedTaskDispatcher with 8 workers.
 -> (artifact id: '9e73c12fce9587a49204e878f7b205d4') in 0.301559 seconds
Number of updated asset objects reloaded before import = 0
Number of asset objects unloaded after import = 5
========================================================================
Received Import Request.
  Time since last request: 2.690470 seconds.
  path: Assets/Cubemap/Cubemap.png
  artifactKey: Guid(b27893fe79b0d0f48b9d31cf63b8ed01) Importer(815301076,1909f56bfc062723c751e8b465ee728b)
Start importing Assets/Cubemap/Cubemap.png using Guid(b27893fe79b0d0f48b9d31cf63b8ed01) Importer(815301076,1909f56bfc062723c751e8b465ee728b) [PhysX] Initialized MultithreadedTaskDispatcher with 8 workers.
[PhysX] Initialized MultithreadedTaskDispatcher with 8 workers.
[PhysX] Initialized MultithreadedTaskDispatcher with 8 workers.
 -> (artifact id: 'e1a2a548b61a551c0440a803581f3d2c') in 0.043003 seconds
Number of updated asset objects reloaded before import = 0
Number of asset objects unloaded after import = 1
========================================================================
Received Import Request.
  Time since last request: 0.891833 seconds.
  path: Assets/Avatar/mouthAvatar.asset
  artifactKey: Guid(feb78da512dd7ce4182d22f6c0426def) Importer(815301076,1909f56bfc062723c751e8b465ee728b)
Start importing Assets/Avatar/mouthAvatar.asset using Guid(feb78da512dd7ce4182d22f6c0426def) Importer(815301076,1909f56bfc062723c751e8b465ee728b) [PhysX] Initialized MultithreadedTaskDispatcher with 8 workers.
 -> (artifact id: '201902a3d31e6d0210039ba3e5bfab35') in 0.006926 seconds
Number of updated asset objects reloaded before import = 0
Number of asset objects unloaded after import = 1
========================================================================
Received Import Request.
  Time since last request: 250.166440 seconds.
  path: Assets/Resources/anatomy
  artifactKey: Guid(1e9b13ae4f77cc148a8d90b4cb5fa4ca) Importer(815301076,1909f56bfc062723c751e8b465ee728b)
Start importing Assets/Resources/anatomy using Guid(1e9b13ae4f77cc148a8d90b4cb5fa4ca) Importer(815301076,1909f56bfc062723c751e8b465ee728b) [PhysX] Initialized MultithreadedTaskDispatcher with 8 workers.
 -> (artifact id: '33187c634aadf6932fb5acf130f3141c') in 0.001339 seconds
Number of updated asset objects reloaded before import = 0
Number of asset objects unloaded after import = 0
========================================================================
Received Import Request.
  Time since last request: 40.150109 seconds.
  path: Assets/Texture2D/back_pressed.png
  artifactKey: Guid(f836313fafc57c7439ac4830bfc6c445) Importer(815301076,1909f56bfc062723c751e8b465ee728b)
Start importing Assets/Texture2D/back_pressed.png using Guid(f836313fafc57c7439ac4830bfc6c445) Importer(815301076,1909f56bfc062723c751e8b465ee728b) [PhysX] Initialized MultithreadedTaskDispatcher with 8 workers.
[PhysX] Initialized MultithreadedTaskDispatcher with 8 workers.
 -> (artifact id: 'a1d9712306548f8e38e8b6932279749a') in 0.028499 seconds
Number of updated asset objects reloaded before import = 0
Number of asset objects unloaded after import = 3
========================================================================
Received Import Request.
  Time since last request: 0.000060 seconds.
  path: Assets/Texture2D/help_on.png
  artifactKey: Guid(42538310eab1ca04e9353ce30cb8aadb) Importer(815301076,1909f56bfc062723c751e8b465ee728b)
Start importing Assets/Texture2D/help_on.png using Guid(42538310eab1ca04e9353ce30cb8aadb) Importer(815301076,1909f56bfc062723c751e8b465ee728b) [PhysX] Initialized MultithreadedTaskDispatcher with 8 workers.
[PhysX] Initialized MultithreadedTaskDispatcher with 8 workers.
 -> (artifact id: 'fbbb993f5cc644c32b1d85f084da4bb9') in 0.030046 seconds
Number of updated asset objects reloaded before import = 0
Number of asset objects unloaded after import = 3
========================================================================
Received Import Request.
  Time since last request: 0.489430 seconds.
  path: Assets/Texture2D/microphone_off.png
  artifactKey: Guid(28a4bdbe37220ef498daba7ad963a2ec) Importer(815301076,1909f56bfc062723c751e8b465ee728b)
Start importing Assets/Texture2D/microphone_off.png using Guid(28a4bdbe37220ef498daba7ad963a2ec) Importer(815301076,1909f56bfc062723c751e8b465ee728b) [PhysX] Initialized MultithreadedTaskDispatcher with 8 workers.
[PhysX] Initialized MultithreadedTaskDispatcher with 8 workers.
 -> (artifact id: '31930e1426f7a89641ae3d8786d25903') in 0.029354 seconds
Number of updated asset objects reloaded before import = 0
Number of asset objects unloaded after import = 3
